	ICO	ICO_Updated	Name	Twitter	Twitter_Tweets	Twitter_Following	Twitter_Followers	Twitter_Likes	Facebook	Facebook_Likes	Facebook_Followers	Telegram	Telegram_Members	Google_Search_Results	Alexa_Rank
0.0	100tokens	100tokens	one hundred coin	https://twitter.com/ohctokens	8	21	76					https://t.me/ohctokens	55	366000	2377178
0.0	2100news	2100news	2100news	https://twitter.com/2100news_ICO	91	9	53	91	https://www.facebook.com/2100NEWSICO/	10174	10182	https://t.me/joinchat/IBkXcxJ3ciGlZpYucobwww	183	6	3083439
0.0	A2BTaxiToken	a2btaxitoken	a2b taxi	https://twitter.com/a2btaxitoken	118	145	6828	34	https://www.facebook.com/a2btaxitoken/	2465	2580	https://t.me/a2btaxitoken	98 906	48600	1165620
0.0	adbank	adbank	adbank	https://twitter.com/adbanknetwork	812	40	6340	854	https://www.facebook.com/adbanknetwork	4589	4848	https://t.me/joinchat/GPdeT0mPAe7bz36x-FSQ1w	6 608	85	1205251
0.0	Adblurb	adblurb	adblurb	https://twitter.com/adblurbico/	63	20	1696	2	https://www.facebook.com/Adblurb-213791305855840/	577	608	https://t.me/joinchat/Ho8QDFDTo7NDOSx4k3ohxQ	1 468	29400	na
0.0	AdEx	adex	adex	https://twitter.com/AdEx_Network	446	216	56800	1217	https://www.facebook.com/AdEx-by-Stremio-756186427900381/	4635	5159	https://t.me/AdExNetwork	4 530	11100	484244
0.0	adshares	adshares	adshares	https://twitter.com/adsharesNet	175	583	2268	20	https://web.facebook.com/adshares/	221	272	https://t.me/adshares	1 141	119000	1442246
0.0	AdSigma	adsigma	adsigma	https://twitter.com/adsigmacoin	208	86	7499	23	https://www.facebook.com/adsigmacoin	1946	2055	https://t.me/adsigma	25 287	16100	1553663
0.0	aeronaero	aeronaero	aeron	https://twitter.com/aeron_aero	326	36	30100	8	https://www.facebook.com/aeronpublic	3753	3966	https://t.me/aeronaero	19 214	277	824025
0.0	aeternity	aeternity	æternity	https://twitter.com/aetrnty	1		768		https://www.facebook.com/aeternityproject/	2240	2714	https://telegram.me/aeternity	11 220		211441
0.0	agrello	agrello	agrello	https://twitter.com/AgrelloOfficial	769	1834	15000	942	https://www.facebook.com/agrellofoundation/	4316	4539	https://t.me/agrello	4 826	289000	644095
0.0	aicrypto	aicrypto	ai crypto	https://twitter.com/aicryptoai	37	45	13800	24	https://www.facebook.com/aicrypto/	14840	15608	https://t.me/aicryptoai	25 655	6420000	221394
0.0	Airpod_Sleeping_Pod	airpodsleepingpod	airpod	https://twitter.com/airpod_project	243	113	8547	1634	https://www.facebook.com/airpodsleepingpod/	13703	14244	https://t.me/airpodsleepingpodproject	17 135	119	411756
0.0	AirToken	airtoken	airtoken	https://twitter.com/airtoken	430	203	6405	223				https://t.me/airfoxico		211000	1756176
0.0	Aitheon	aitheon	aitheon	https://twitter.com/aitheonofficial	309	2582	9461	84	https://www.facebook.com/aitheon	3635	3643	https://t.me/aitheon	13 554	54200	435745
0.0	Alaxplatform	alax	alax	https://twitter.com/ALAX_io	221	212	6104	105	https://www.facebook.com/ALAX.io/	394	437	https://t.me/ALAX_io	59 787	149	369789
0.0	ALMBank	almbank	almbank	https://twitter.com/almbank	345	100	8292	22	https://www.facebook.com/almtoken/	7886	7929	https://t.me/AMLBankICO		3	2638569
0.0	AmbitMining	ambitmining	ambit	https://twitter.com/AmbitIco	188	688	2771	1	https://www.facebook.com/AmbitMining/	2258	2333	https://t.me/CCNChat	5 973	91	300455
0.0	AmmbrPlatform	ammbrplatform	ammbr	https://twitter.com/ammbrplatform	238	133	3588	231	https://www.facebook.com/AmmbrPlatform/	826	914	https://t.me/ammbrplatform	55	9670	1949282
0.0	Antshares	antshares	antshares	https://twitter.com/antshares			164							119000	13519617
0.0	apollodae	apollodae	apollo dae	https://twitter.com/ApolloDae	492	148	7714	176	https://www.facebook.com/apollodae/	13260	13326	https://t.me/apollodae	77 955	72	342960
0.0	AppcoinsProtocol	appcoins	appcoins	https://twitter.com/AppCoinsProject	368	71	27300	340	https://www.facebook.com/AppCoinsOfficial/	10558	10850	https://t.me/joinchat/G337zg6z0ACm6QTvUU9_Yw	11 855	325000	698809
0.0	arbitrageCT	arbitragect	arbitrage crypto trader	https://twitter.com/arbitrage_ct	61	8	2090	4	https://www.facebook.com/groups/arbitragect/			https://t.me/ArbitrageCT	1 036	220000	1055952
0.0	arcona	arcona	arcona	https://twitter.com/arconaico	1132	1356	8045	833	https://www.facebook.com/arconaecosystem/	6802	7500	https://t.me/arcona_ico	18 076	83	194906
0.0	ArkEcosystem	arkecosystem	ark	https://twitter.com/ArkEcosystem	1293	2688	64400	1208	https://www.facebook.com/ArkEcosystem/	8127	8867	https://telegram.me/ArkEcosystem	4 325	19600	137013
0.0	astronautcapital	astronaut	astronaut	https://twitter.com/astronautcap	273	133	1975	178	https://www.facebook.com/astronautcap/	610	694	https://t.me/astroico	78	231000	1465866
0.0	AtlantisBlueProject	atlantisblue	atlantis blue digital tokens 	https://twitter.com/AtlantisBlueDT	203	1163	56600	377	https://www.facebook.com/atlantisbluelarimar	1375	1424	https://t.me/AtlantisBlueDigitalToken	74 145	82500	1612037
0.0	AtlasPlatform	atlasplatform	atlasplatform	https://twitter.com/lasplatform	57	356	959	5				https://t.me/atlasplatformorg	334	108000	15264771
0.0	AuctusProject	auctus	auctus	https://twitter.com/AuctusProject	534	428	9906	728				https://t.me/AuctusProject	8 342	293	301593
0.0	AuthenticID	authenticid	authenticid											6950	2171309
0.0	Authoreon	authoreon	authoreon	https://twitter.com/Authoreonio	124	305	5022		https://www.facebook.com/Authoreonio-872820659537598/	2940	3232	https://t.me/authoreonio	984	112000	2157112
0.0	avalonplatform	avalonplatform	avalon	https://twitter.com/Avalonplatform					https://www.facebook.com/avalonplatform/	634	656	https://t.me/joinchat/GQEIcg6hXg-QWXwzDDiOgA		85900	na
0.0	Aventus	aventus	aventus	https://twitter.com/aventussystems										173000	949801
0.0	AXenS	axens	axens	https://twitter.com/AXenS_io	370	3524	7340	324	https://www.facebook.com/AXenS.io/	3378	3687	http://t.me/axens_io	28 904	82500	996101
0.0	aXpire	axpire	axpire	https://twitter.com/aXpire_official	223	562	6534	580	https://www.facebook.com/Axpire-537274833301303/	701	801	https://t.me/AxpireOfficial	7 960	261000	728623
0.0	axtoken	axtoken	automotive exchange token	https://www.reddit.com/r/axtoken/					https://www.facebook.com/axtoken	135	137	https://t.me/AutomotiveeXchangeToken	58	1080000	3503402
0.0	Bancor	bancor	the bancor protocol	https://twitter.com/bancornetwork	41	155	854	311	https://www.facebook.com/bancor	66121	66561	https://telegram.me/bancor	6 828	344000	48411
0.0	bankex	bankex	bankex	https://twitter.com/bankexprotocol	768	194	7774	522	https://www.facebook.com/BankExchange/	18349	19275	https://t.me/bankex	6 108	334	741204
0.0	BaobabMarket	baobab	baobab	https://twitter.com/thebaobabteam								https://t.me/baobabcrypto	8	14700	na
0.0	BATProject	basicattentiontoken	basic attention token	https://twitter.com/@attentiontoken	520	105	82700	861						524000	135636
0.0	BeaxyExchange	beaxyexchange	beaxy exchange	https://twitter.com/BeaxyExchange	78	62	17200	2	https://www.facebook.com/beaxyexchange/	366	380	https://t.me/Beaxy	18 181	347000	447836
0.0	BeefCoin	beefcoin	beefcoin	https://twitter.com/beefcoin	115	92	251	20	https://www.facebook.com/beefcoin/	2561	2595	https://t.me/beefcoin	129	1	18015793
0.0	Beerchain	beerchain	beercoin	https://twitter.com/beerchaintech	209	173	2420	100	https://www.facebook.com/beerchain.technology/	2272	2380			221000	4448970
0.0	BeyondTheVoidGame	beyondvoidgame	beyond the void	https://twitter.com/BeyondVoidGame	1481	847	5879	574	https://www.facebook.com/beyondvoid/	500	542			2640	1264532
0.0	bigtoken	bigtk	big token	https://twitter.com/Bigtoken_io	172	600	576	177	https://www.facebook.com/BIGTokenLimited/	821	851	https://t.me/joinchat/HX4MaRBMMQI_wWdFH3_JNw	697	3960000	1760489
0.0	BilibitBLB	bilibit	bilibit	https://twitter.com/BilibitCoin	241	90	5415	311	https://www.facebook.com/BilibitCommunity	3980	4215	https://t.me/BilibitCommunity	4 708	19100	708839
0.0	binarydotcom	binarydotcom	binary.com						https://www.facebook.com/mybinarycoin			https://t.me/binarydotcom	3 359	81800	11771
0.0	Biotron	biotron	biotron	https://twitter.com/BiotronI	313	770	6654	1228				https://t.me/biotronfoundation	2 572	97200	748800
0.0	birdchain	birdchain	birdchain	https://twitter.com/birdchain_io	981	741	9272	487	https://www.facebook.com/birdchain.io	14739	15247	https://t.me/birdchainchat	19 738	43100	623376
0.0	Bitbose	bitbose	bitbose	https://twitter.com/Bitbosecoin	236	17	4504	51	https://www.facebook.com/Bosetoken/	4363	4411	https://t.me/bitbose	3 506	58100	1041424
0.0	bitdegree	bitdegree	bitdegree	https://twitter.com/bitdegree_org	787	34	20600	4124	https://www.facebook.com/bitdegree.org/	81248	82092	https://t.me/joinchat/GIngsQrKak9hN8h4xwN2Kg	16 526	281000	34940
0.0	BitDiceCasino	bitdice	bitdice	https://twitter.com/BitDice	269	25	3511	18				https://t.me/bitdiceico		289000	496369
0.0	BitEsprit	bitesprit	bitesprit	https://twitter.com/bitesprit	48	718	7316	5	https://facebook.com/bitesprit	5051	5199	https://t.me/bitesprit	9 349	515	824132
0.0	BITEXGlobal	bitexglobal	bitex	https://twitter.com/bitex_global	156	1190	870	187	https://www.facebook.com/bitex.global/	68496	68559	https://t.me/joinchat/IV2i4Q6llH7ttm5n9hqT5g	6 004	430	1604281
0.0	BitGuild	bitguild	bitguild	https://twitter.com/BitGuildPLAT	308	445	13800	238				https://t.me/joinchat/HtbMeE8YtEEDQExesDQgPg	11 119	33400	486871
0.0	Bitnam	bitnam	bitnam	https://twitter.com/Bitnam_Official	6		38		https://www.facebook.com/Bitnam-134115217408198/?view_public_for=134115217408198	6219	6220			1 result	11200782
0.0	Bitquence	bitquence	bitquence	https://twitter.com/bitquence	1		348		https://web.facebook.com/bitquence/			https://t.me/Bitquence	1 574	80400	2687736
0.0	bitrace	bitrace	bitrace	https://twitter.com/BitraceToken	1670	3107	5043	484	https://www.facebook.com/bitrace.token/	1891	1948	https://t.me/bitrace	3 544	10 results	1676250
0.0	BitRent	bitrent	bitrent	https://twitter.com/bit_rent	276	2335	6531	335	https://www.facebook.com/bitrentplatform/	4651	4890	https://t.me/bitrentio	12 556	166	817775
0.0	Bitschool	bitschool	bitschool	http://www.twitter.com/BitschoolAI	360	638	12100	799	https://www.facebook.com/BitschoolAI	8047	9467	http://t.me/BitschoolAI	12 442	16100	832209
0.0	Bitxoxo	bitxoxo	bitxoxo	https://twitter.com/bitxoxoindia?lang=en	640	52	7732	93	https://www.facebook.com/bitxoxo/	31610	31666	http://t.me/bitxoxo	85 453	37300	1500756
0.0	BlackMoonCrypto	blackmooncrypto	blackmoon crypto	https://twitter.com/BlackmoonFG	336	68	6487	56	https://www.facebook.com/blackmoonfg/	7513	7931	https://t.me/blackmooncrypto	3 463	323000	1598562
0.0	BlindCoin	blind	blind											224000	na
0.0	blockchainterminal	blockchainterminal	blockchain terminal	https://twitter.com/BCTerminal	196	42	18200	72	https://www.facebook.com/blockchainterminal/	27538	27780	https://t.me/blockchainterminal	27 720	273000	545051
0.0	blockfreight	blockfreight	blockfreight	https://twitter.com/blockfreight	108	197	533	50	https://facebook.com/blockfreight	91	99			91100	3809658
0.0	blocklancer	blocklancer	blocklancer	https://twitter.com/blocklancer	379	11	9077	201	https://www.facebook.com/blocklancer	21350	21757			217000	631309
0.0	blockmason	blockmason	credit protocol	https://twitter.com/blockmasonio	507	194	9613	179				https://t.me/blockmason	5 917	521000	450893
0.0	BlockRX	blockrx	blockrx	https://twitter.com/BlockRxProject	154	759	460	38	https://web.facebook.com/blockrx/	872	883	https://t.me/BlockRx	375	631000	2102172
0.0	Blocksquare_io	blocksquareio	blocksquare	https://twitter.com/blocksquare_io	14700	5688	12700	356	https://www.facebook.com/blocksquare.io	577	593	https://t.me/blocksquare	8 246	7	752096
0.0	blockv	blockv	blockv	https://twitter.com/blockv_io	283	80	6570	226	https://www.facebook.com/blockv.io/	1482	1659	https://t.me/block_v	3 763	258000	826238
0.0	blok	blok	blok	https://twitter.com/bloknetwork	268	27	29100	458	https://www.facebook.com/blokcommunity	2696	3072	https://t.me/bloknetwork	3 982	9750000	1431062
0.0	BlueWhaleFdn	bluewhale	blue whale	https://twitter.com/BlueWhaleFdn	166	204	3714	307	https://www.facebook.com/bluewhalefoundation	11394	11543	https://t.me/bwxico	2 795	527000	237154
0.0	BoatPilot	boatpilot	boatpilot	https://twitter.com/boatpilot_io	35	1	731		https://www.facebook.com/boatpilot.io	1233	1281	https://t.me/boatpilot	8 615	101000	812502
0.0	Bonpay	bonpay	bonpay	https://twitter.com/Bonpay_com	586	168	10000	122	https://www.facebook.com/bonpaycom	15643	15720	https://t.me/bonpay_eng	983	255000	44158
0.0	Bowhead	bowheadhealth	bowhead health	https://twitter.com/bowheadhealth	224	107	1867	43	https://www.facebook.com/bowheadhealth	1163	1268	https://t.me/bowheadtokensale	940	66400	2470242
0.0	BrickBlock	brickblock	brickblock	https://twitter.com/brickblock_io	837	339	30900	2162	https://www.facebook.com/brickblock.io/			https://t.me/joinchat/AAAAAERj-_1p8AktrkESlQ	29 169	239000	88490
0.0	Budbo	budbo	budbo 	https://www.twitter.com/budboapp	4592	1534	5274	3913				https://t.me/budbo	3 260	108000	587395
0.0	BullToken	bulltoken	bulltoken	https://twitter.com/BullToken	280	23	477	183	https://www.facebook.com/bulltoken/	23414	23489			430000	1408010
0.0	BunnyToken	bunnytoken	bunnytoken	https://twitter.com/BunnyToken	130		1996	14	https://facebook.com/BunnyToken	1140	1240	https://t.me/BunnyToken	13 250	74600	13605
0.0	BWEX	bwex	bitwin exchange	https://twitter.com/bitwinexchange	90	19	1130		https://www.facebook.com/bitwinexchange/			https://t.me/bwexICO		23400000	1199161
0.0	CaerusConnections	caerusconnections	caerus connections	https://twitter.com/CaerusConnect	68	96	14500	59				https://t.me/caerusconnections	194	53300	9275776
0.0	CanYaCoin	canyacoin	canya	https://twitter.com/canya_io	7		1395		https://www.facebook.com/CanYaapp/			https://t.me/canyacoin	3 690	204	690097
0.0	cappasity	cappasity	cappasity	https://twitter.com/cappasity	2243	276	33900	434				https://t.me/artoken	56 900	646000	289636
0.0	CarVDB	carvdb	carvdb	https://twitter.com/CarVDB	190	809	267	10	http://www.facebook.com/CarVehicleDB	180	188	https://t.me/carvdb	253	73200	na
0.0	CatnipFun	catnipfun	catnip	https://twitter.com/catnip_fun	42	179	63	104	https://www.facebook.com/catnip.fun/	7	7			16200	5384457
0.0	Caviar0x	caviar0x	caviar	https://twitter.com/caviar0x	330	380	3075	407				https://t.me/caviar0x	2 202	84500	2290332
0.0	cbiproject	cbiproject	customizable basic income	https://twitter.com/cbiproject	95	60	95	130						171000	na
0.0	CelsiusNetwork	celsiusnetwork	celsius network	https://twitter.com/CelsiusNetwork	644	14000	15000	906	https://www.facebook.com/CelsiusNetwork/	14773	15008	https://t.me/celsiusnetwork	8 254	35200	451711
0.0	Centaure	centaure	centaure	https://twitter.com/CentaureToken	47	212	3147	48	https://www.facebook.com/centauretoken	791	822	https://t.me/Centaureofficial	5 639	12100	7354026
0.0	CGCXofficial	cgcxofficial	cgcx	https://twitter.com/CGCXofficial	36	25	20800	61	https://www.facebook.com/CGCXofficial/	13991	14842	https://t.me/cgcxofficial	14 717	273000	263775
0.0	CHER_Ecocity	cherecocity	cher ecocity	https://twitter.com/CherEcocity	31	1166	348	100	https://www.facebook.com/pg/Cher-Ecocity-2103774869663292	1125	1140	https://t.me/joinchat/HGL4FEnpW6hPtW2wcx1eWA	286	7 results	na
0.0	chimaera	chimaera	chimaera	https://twitter.com/chimaera_tech	680	1404	6863	730	https://www.facebook.com/chimaeratech	372	403	https://t.me/chimaera_en	6 530	119	347128
0.0	ChronoBank	chronobank	chrono bank	https://twitter.com/ChronobankNews	932		19900	843	https://www.facebook.com/ChronoBank.io	25880	26456	https://telegram.me/ChronoBank	51 533	32500	502639
0.0	chronobase	chronobase	chronobase	https://twitter.com/chronobaseio	11	26	153	2	https://www.facebook.com/chronobase.io	3876	3873	https://t.me/chronobase	1 890	105000	4546808
0.0	Cindicator	cindicator	cindicator	https://twitter.com/crowd_indicator	2020	18	39500	346	https://www.facebook.com/crowdindicator	5346	5930	https://t.me/joinchat/Auw2EkPZyOrijWvpwVUoQA	7 917	341000	197950
0.0	civicplatform	civicplatform	civic	https://twitter.com/VinnyLingham	17700	6158	158000	20400	https://www.facebook.com/civictechnologiesinc	3086	3560	http://t.me/civicplatform	8 904	435000	206290
0.0	ClearCoin	clearcoin	clearcoin	https://twitter.com/clearcoinhq	368	24	11000	1378	https://www.facebook.com/ClearCoin/	4710	5320	https://t.me/ClearCoin	24 428	391	461650
0.0	clearpoll	clearpoll	clearpoll	http://www.twitter.com/voteclearpoll	1153	491	7174	1646	http://www.facebook.com/voteclearpoll	776	812			300000	1761268
0.0	ClearsConnect	clearsconnect	clears	https://twitter.com/clearsconnect	62	40	6850	27				https://t.me/clrscoin	12 461	2460000	1493301
0.0	clinicoin	clinicoin	clinicoin	https://twitter.com/clinicoin	734	1259	2440	114				https://t.me/clinicoin	12 944	22100	370920
0.0	CloudMoolah	cloudmoolah	cloudmoolah	https://twitter.com/cloud_moolah	211	194	1313	179	https://www.facebook.com/cloudmoolah/	1628	1688	https://t.me/cloudmoolah	19 367	10200	2230875
0.0	codemail	codemail	codemail	https://twitter.com/CodeMailTech	58	20	212	309							3117801
0.0	coinloan	coinloan	coinloan	https://twitter.com/coin_loan	199	23	1211	169	https://www.facebook.com/coinloan.io			https://t.me/coinloan	2 403	19600	1336785
0.0	CoinMetro	coinmetro	coinmetro	https://twitter.com/CoinMetro	743	80	5051	121	https://www.facebook.com/CoinMetro/	3503	3822	https://t.me/CoinMetro	21 175	351000	166288
0.0	coinpoker	coinpoker	coinpoker	https://twitter.com/CoinPoker_OFF	1049	172	5284	795	https://www.facebook.com/CoinPokerOfficial/	30468	31078	https://t.me/officialcoinpoker	4 926	229000	226047
0.0	CoinSpark	coinspark	coinspark	https://twitter.com/coinsparkio	84	43	1454	217	http://facebook.com/coinsparkio	3657	3673	http://t.me/coinspark		17900	5446607
0.0	commerceblock	commerceblock	commerce block	https://twitter.com/commerceblock	556	354	3433	791	https://facebook.com/commerceblock	2505	2580	https://t.me/joinchat/Ge36IURXhKAS_6HTznUXUg	1 778	5200	2011366
0.0	Conciergeio	conciergeio	concierge.io	https://twitter.com/conciergeio					https://www.facebook.com/concierge.io/			https://t.me/conciergeio_chat	72	569	458588
0.0	ConnectJob	connectjob	connectjob	https://twitter.com/connectjobfd	121	27	6343	85	https://www.facebook.com/connectjob.io	25119	25218	https://t.me/joinchat/AkMS_kcsDTUVHSVUGCef7Q		55	902887
0.0	CoolCousin	coolcousin	cool cousin	https://twitter.com/coolcousinco	854	1698	10200	2432	https://www.facebook.com/CoolCousin	12651	12848	https://t.me/CoolCousin	15 504	138	254026
0.0	creatorai	creatorai	creator.ai	https://twitter.com/CreatorAi?lang=en	38	72	2335		https://www.facebook.com/creatorai/	146	151	https://t.me/creatorai	11 999	2000000	1421104
0.0	CROMhub	cromhub	cromhub	https://twitter.com/CROMhub	64	856	14600	2	https://www.facebook.com/CROMhub	23829	23861	https://t.me/CROMhub	405	52200000	7345031
0.0	Crowdholding	crowdholding	crowdholding	https://twitter.com/crowdholding	628	982	1956	1652	https://www.facebook.com/Crowdholding/	4502	4667	https://t.me/Crowdholding	2 230	29800	592778
0.0	CrowdMachine	crowdmachine	crowd machine	https://twitter.com/Crowd_Machine	591	1111	5512	639	https://www.facebook.com/Crowd-Machine-393354234414159/	2398	2595	http://t.me/crowdmachine	5 924	314000	202614
0.0	Crowdwiz_io	crowdwiz	crowdwiz	https://twitter.com/Crowdwiz	343	1118	5516	66	https://www.facebook.com/Crowdwiz	17774	18126	https://t.me/crowdwiz	2 028	161000	2596513
0.0	Crypt2Pos	crypt2pos	crypt2pos	https://twitter.com/Crypt2Pos		34	3		https://www.facebook.com/groups/1770783069891474			https://t.me/crypt2pos	342	38800	12481384
0.0	cryptfunder	cryptfunder	cryptfunder	https://twitter.com/cryptfunder	286	18	2620		https://www.facebook.com/cryptfunder.io	5747	5792	http://www.t.me/cryptfunderico	29 318	82400	10934
0.0	CryptoAngel	crypto-angel	crypto angel	https://twitter.com/cryptoangelcoin	46	7201	8672	58	https://www.facebook.com/crypto.angel.coin/	440	448	https://t.me/crypto_angel_token	223	3020	2220663
0.0	Cryptocean	cryptocean	cryptocean	https://twitter.com/Cryptocean1	61	1	3665	105	https://www.facebook.com/Cryptoceanio-358733677957437	4535	4781	https://t.me/cryptocean_en	3 700	24600	984025
0.0	CryptoKami	cryptokami	cryptokami	https://twitter.com/crypto_kami					https://www.facebook.com/cryptokamipage/	5266	5681	http://t.me/cryptokami	46 481	32400	264468
0.0	CryptoPolice	cryptopolice	cryptopolice	https://twitter.com/CryptoPolicecom	120	15	12000	3	https://www.facebook.com/CryptoPolicecom	9558	10579	https://t.me/cryptopolice	12 115	20900	701279
0.0	CyberTrust	cybertrust	cybertrust	https://twitter.com/cybertrustbank	108	668	1580	97	https://www.facebook.com/cybertrustbank	5283	5314	http://t.me/cybertrustbank	1 346	38000	10754078
0.0	CycloShieldCoin	cycloshieldcoin	cycloshieldcoin	https://twitter.com/CycloShield	172	397	693	110	https://www.facebook.com/CycloShieldCoin/			https://t.me/CycloShieldCoin	1 075	92400	14316501
0.0	D_Market	dmarket	dmarket	https://twitter.com/dmarket_io			3		https://www.facebook.com/dmarketcommunity/	5383	5623	https://t.me/joinchat/CV8tCUMMQrAa9p5S0N7c-A	1 354	27800000	411227
0.0	DADI	dadi	dadi	https://twitter.com/@dadi	1675	241	33000	1410						414	472065
0.0	DatabrokerDAO	databrokerdao	databroker dao	https://twitter.com/DataBrokerDAO	658	2230	3774	483	https://www.facebook.com/DataBrokerDAO	3483	3628	https://t.me/databrokerdao	12 658	84400	675764
0.0	datareum	datareum	datareum	https://twitter.com/datareum	142		4422		https://www.facebook.com/datareumdtn	2302	2376	https://t.me/datareum	29 038	29800	1466131
0.0	Datawallet	datawallet	datawallet	https://twitter.com/DataWalletHQ	394	41	6205	932				https://t.me/datawallet	6 082	256000	587524
0.0	decentraland	decentraland	decentraland	https://twitter.com/decentraland	547	176	36700	817	https://www.facebook.com/decentraland/	5529	5946			270000	150426
0.0	deckswap	deckswap	deckswap	https://twitter.com/deckswap	18		173		https://www.facebook.com/deckswap/	153	171			89200	na
0.0	DeedCoin	deedcoin	deedcoin	https://twitter.com/deedcoin					https://www.facebook.com/DeedCoin	285	317	https://t.me/Deedcoin	4 705	49100	838266
0.0	Dentacoin	dentacoin	dentacoin	https://twitter.com/dentacoin?lang=en	822	485	17800	283	https://www.facebook.com/dentacoin/	35310	36285			784	224131
0.0	dfstoken	dfstoken	dfs	https://twitter.com/dfstoken	1322	7269	11700	1547						286000	329954
0.0	DigitexFutures	digitexfutures	digitex futures exchange	https://twitter.com/DigitexFutures?lang=en	878	158	11500	204	https://www.facebook.com/DigitexFutures/	12657	13830	https://t.me/digitexfutureschat	15 638	69100	392465
0.0	DimensionsNetwork	dimensionsnetwork	dimensions network	https://twitter.com/DN_STC					https://fb.me/dimensionsnetwork	9711	9835	https://t.me/DimensionsTalk	17 720	14100	1004532
0.0	DiviProject	diviproject	divi project	https://twitter.com/diviproject	557	235	5719	1070	https://www.facebook.com/diviproject	13834	13993	https://t.me/joinchat/EAdiTQ3yZk_GkqU0IdG-Gg	2 497	238000	538319
0.0	diwtoken	diwtoken	diw token	https://twitter.com/diwtoken	214	110	7020	70	https://www.facebook.com/diwtoken/	5967	6227	https://t.me/diwtoken	38 414	98300	589860
0.0	DNNMedia	dnnmedia	decentralized news network	https://twitter.com/DNN_Blockchain	697	383	25500	365	https://www.facebook.com/DNNBlockchain/	581	611	https://t.me/DNNMedia	91 728	5530000	1086320
0.0	doc_ai	docai	doc.ai	https://twitter.com/_doc_ai	1163	828	2776	802	https://www.facebook.com/docaidoc	631	721	http://t.me/doc_ai	1 173	2480000	1162656
0.0	dockio	dockio	dock	https://twitter.com/dock_io	1		3		https://www.facebook.com/getdock.io/	27457	33531	https://t.me/dockio	61 642	123	22329
0.0	Dopameme	dopameme	dopameme	https://twitter.com/dopameme_io	201	172	158	87	https://www.facebook.com/Dopamemeio/			https://t.me/dopameme	155	55600	6062688
0.0	DoradoICO	doradoico	dorado	https://twitter.com/Dorado_ICO	108	240	2355	22	https://www.facebook.com/Dorado-ICO-316447595542205/			https://t.me/doradoico	9 531	131	177476
0.0	DragonDRG	drgtoken	dragon inc	https://www.twitter.com/dragoncoin	880	328	7801	602	https://www.facebook.com/dragoncoin.online	68553	68924	https://t.me/joinchat/FSgY4RI3tNfalmD2sbIZRg	8 800	15000	569090
0.0	DRCWorld	drcworld	diamond reserve club	https://twitter.com/drc_world	266	37	126		https://www.facebook.com/DRC-800277530031834/					286000	na
0.0	DropDeck	dropdeck	dropdeck	https://twitter.com/DropDeckIO	330	629	3198	81	https://www.facebook.com/dropdeck	2416	2503	http://t.me/dropdeck	550	60	4440534
0.0	dropil	dropil	dropil	https://twitter.com/dropilcoin	113	92	6892	142	https://www.facebook.com/DropilCoin/	7252	7511	https://telegram.me/DropilCoin	6 871	2160000	120934
0.0	dwbtoken	dwbtoken	dating with benefits	https://twitter.com/DWBtoken	155	19	7605		https://www.facebook.com/DatingWithBenefitsOfficial	1639	1701	http://t.me/datingwithbenefits	7 631	345000	181572
0.0	EarthToken	earthtoken	earth token	https://twitter.com/earthtokens	503	3442	20300	127	https://www.facebook.com/earthtoken	13064	13615	https://t.me/earthtoken	54	383000	1465300
0.0	edenchainio	edenchainio	edenchain	https://twitter.com/edenchainio	99	3	10300	38	https://facebook.com/edenchainio	3650	4847	https://t.me/edenchainio	25 839	20400	199900
0.0	edgeless	edgeless	edgeless	https://twitter.com/edgelessproject	633	135	40100	400	https://www.facebook.com/EdgelessCasino/	3480	3843	https://t.me/joinchat/AAAAAEBTy7K9KXQcQsyozQ	767	257000	612562
0.0	EHOTex	ehotexofficial	eho	https://twitter.com/EHOTexOfficial	70	112	162	28	https://www.facebook.com/EHOTexOfficial/	542	547	https://t.me/EHOTexOfficial	348	28400	6589533
0.0	eincofficial	etherinc	etherinc	https://twitter.com/eIncHQ	139		9140	89				http://t.me/eincHQ	26 288	2390000	470941
0.0	Elementh	elementh	elementh	https://twitter.com/Ahooleeman	484	11	6586	123	https://www.facebook.com/Elementh-1371154296341075/	5039	5503	https://t.me/elementh_community	33 786	544000	655104
0.0	enigmacatalyst	enigmacatalyst	enigma	https://twitter.com/enigmaMPC	799	38	62200	259	https://www.facebook.com/enigmacatalyst/					360000	186221
0.0	enjincoin	enjincoin	enjin coin	https://twitter.com/enjincs	1	1	268	2	https://www.facebook.com/enjinsocial/	54932	53841	https://t.me/joinchat/C3COWEQFuovWYOfDhXFwJA	13 456	12600	227416
0.0	EntryMoney	entrymoney	entry	https://twitter.com/EntryMoneyICO	55	3332	4257	453	https://www.facebook.com/entrymoney/	2100	2195	https://t.me/Entry_Official	13 475	1040	249777
0.0	EQUIcapital	equicapital	equi	https://www.twitter.com/equi_capital	586	149	3205	242	https://www.facebook.com/equi.capital	2945	3131	https://t.me/equicapital	12 943	162	885855
0.0	esportsrewardtoken	esports.com	esports.com	https://twitter.com/EsportsDotCom	1308	343	6245	538	https://www.facebook.com/esportsdotcom	14545	14669	https://telegram.me/esportsert	3 124	89600	na
0.0	ethbet	ethbet	ethbet	https://twitter.com/EthbetProject	138	8	1399	15						328000	2266209
0.0	Ethbits	ethbits	ethbits	https://twitter.com/ethbits	653	2683	5648	503				https://t.me/EthBitsChatroom	808	165	3017154
0.0	ethino	ethino	ethino	https://twitter.com/Ethino_Casino	87	104	293	3005						370000	na
0.0	ETHLend	ethlend	ethlend	https://twitter.com/ethlend1	803	2104	46500	382	https://www.facebook.com/EthLend-1848586068794685/	25078	25786	https://t.me/ETHLend	18 811	361000	198848
0.0	ethorse	ethorse	ethorse	https://twitter.com/EthorseTeam	152	179	1313	250				https://telegram.me/ethorse	2 328	220000	461115
0.0	Evareium	evareium	evareium	https://twitter.com/Evareium_ITO	543	1944	1089	272	https://www.facebook.com/Evareium-293401257819150/	2053	2123	https://t.me/joinchat/GI8QjELv63b4TdB1fZQADA	12 720	12600	684138
0.0	Eventum	eventum	eventum	https://twitter.com/eventum_network	107	225	15800	14	https://www.facebook.com/EventumNetwork	7824	8664	https://t.me/eventum_network	22 188	20100	315990
0.0	ExHasta	exhasta	exhasta	https://twitter.com/ex_hasta					https://www.facebook.com/ExHasta-1692956170778172/	180	191	http://t.me/exhasta_en		49200	na
0.0	EXMOCoin	exmocoin	exmo coin	https://twitter.com/Exmo_com	2948	75	13700	257	https://www.facebook.com/exmo.market	14334	18694	https://t.me/exmocoin	2 795	177000	20279
0.0	Expercoin	expercoin	expercoin	https://twitter.com/expercoin	68	22	8892	1	https://www.facebook.com/Expercoin	31366	31380	https://t.me/Expercoin	19 668		900965
0.0	ExploreCoin	explorecoin	explore 	https://twitter.com/explore_coin	71	29	20	11	https://www.facebook.com/explorecoin					1110000	18122296
0.0	EXSCUDO	exscudo	exscudo	https://twitter.com/ex_scudo	597	1638	9170	172	https://www.facebook.com/exscudo/	7798	8201			213000	492165
0.0	ExsulCoin	exsulcoin	exsulcoin	https://twitter.com/ExsulCoin	72	100	2376	6	https://www.facebook.com/exsulcoin/	832	847	https://t.me/joinchat/Civ-nQ5iADEGz0crOVRddw	92	10100	5251677
0.0	FarmaTrust	farmatrust	farmatrust	https://twitter.com/farmatrust	2041	590	2991	405	https://www.facebook.com/farmatrustchain	3524	3638	https://t.me/farmatrust	9 316	25000	na
0.0	FCFLio	fcflio	fan controlled football league	https://twitter.com/fcflio	3716	1037	3802	800	https://www.facebook.com/fcflio	18396	18412	https://t.me/FCFL_FAN_TOKEN	43 890	220000	2151582
0.0	FintruX	fintrux	fintrux network	https://twitter.com/fintrux	314	931	3642	61	https://www.facebook.com/FintruX/	1642	1759	https://t.me/FintruX	12 154	96700	713155
0.0	Flixxo	flixxo	flixxo	https://twitter.com/flixxo	302	788	6275	27	https://www.facebook.com/flixxoOK/	10161	10213	https://t.me/flixxo	3 856	5	1145528
0.0	FluzFluzGlobal	fluzfluzglobal	fluzfluz	https://twitter.com/FluzFluzGlobal	202	48	3676	9	https://www.facebook.com/fluzfluzglobal	592	634	https://t.me/fluzfluzico	1 718	273000	596166
0.0	FortKnoxster	fortknoxster	fortknoxster 	https://twitter.com/FortKnoxster	402	235	2984	203	https://www.facebook.com/FortKnoxster	2358	2423	https://t.me/FortKnoxster	2 651	16600	3215373
0.0	FortySevenBank	fortysevenbank	forty seven bank	https://twitter.com/47foundation	322	182	4769	100	https://www.facebook.com/FortySevenBank/	3306	3484	https://t.me/thefortyseven	9 294	17200	451411
0.0	FriendzICO	friendz	friendz	https://twitter.com/Friendz_ICO	231	182	55600	247	https://facebook.com/friendzglobal/	51312	52760	https://t.me/friendzICO	67 762	138000	198701
0.0	gainmers	gainmers	gainmers	https://twitter.com/GMRplatform	31	50	1812	7	https://facebook.com/gainmers	1481	1492	https://t.me/gainmerschat	191	387000	7753013
0.0	Galaxis	galaxis	galaxis	https://twitter.com/galaxisxls	92	474	144	22				https://t.me/joinchat/IYbWpg236bDTtZZBpy-_XA		363000	na
0.0	Gamblica	gamblica	gamblica	https://twitter.com/gamblica	152	26	2006	24	https://www.facebook.com/gamblica	6713	6801	https://t.me/gamblicachat	2 566	21200	552416
0.0	GameXCommunity	gamex	gamex	https://twitter.com/gamex_co_in	140	80	2954		https://www.facebook.com/gamex.co.in/	677	756			103	108682
0.0	GATCOIN	gatcoin	gatcoin	https://twitter.com/gatcoin	443	132	4430	49	https://www.facebook.com/gatcoinofficial	1880	2028	https://t.me/gatcoin	3 951	263000	1043927
0.0	GeensNPO	geensnpo	geens npo	https://twitter.com/geensNPO	87	44	11100	1	https://www.facebook.com/GeensNPO/	13539	15319	https://t.me/GeensNPO	592	196000	1691370
0.0	GenevieveVC	genevievevc	geneviève vc	https://twitter.com/genevieve_vc	6	5	6		https://www.facebook.com/Genevi%C3%A8ve-VC-539809083049015/			https://t.me/GXCommunity		45100	3263964
0.0	getBABB	getbabb	babb	https://twitter.com/getbabb	1204	659	11000	641	https://www.facebook.com/getbabb	8656	9052	https://t.me/babb_official	14 259	140000	298132
0.0	GETprotocol	getprotocol	guts tickets	https://twitter.com/gutstickets?lang=en	532	560	19700	526	https://www.facebook.com/gutstickets/	1037	1104	https://t.me/getprotocol	5 671	178	870608
0.0	getwala	getwala	get wala	https://twitter.com/getwala	948	824	3470	1391	https://www.facebook.com/WalaFinance/	1811	1829	https://t.me/getwala	1 511	2310	1657675
0.0	Gizer	gizer	gizer	https://twitter.com/gizer_gaming	968	490	20600	949	https://facebook.com/gizergaming	1681	1707	https://t.me/joinchat/Em71dQ4KZ8G-XxpArXNuHg	2 742	22400	3756311
0.0	GladAgeOfficial	gladage	gladage	https://twitter.com/GladAgeOfficial	186	17	32200	1	https://www.facebook.com/gladage/	2335	2363	https://t.me/Gladage	64 983	22600	963326
0.0	Gledos	gledos	gledos	https://twitter.com/thegledos	51	22	6281	1	https://www.facebook.com/Gledos-1970122719969217/	2773	2899	https://t.me/Gledos_Official	10 876	21800	3047411
0.0	GoldMineToken	goldminecoin	goldminecoin	https://twitter.com/Goldminecoin1	9	7	21	8	https://www.facebook.com/groups/goldminecoin/			https://t.me/GoldMineCoin	275	67400	8830185
0.0	goldmintio	goldmintio	goldmint	https://twitter.com/goldmint_io	228	75	2603	11	https://www.facebook.com/goldmint.io	79281	79604	https://t.me/goldmintio	11 045	237000	1013708
0.0	GolemProject	golemproject	golem	https://twitter.com/golemproject	1610	206	141000	3632						550000	125115
0.0	goodworkico	goodworkico	goodwork	https://twitter.com/goodworkico	13	26	1007		https://www.facebook.com/goodworkspaces/	14798	14804	https://t.me/goodworkico	13 461	114000	3742713
0.0	Graft	graft	graft blockchain	https://twitter.com/graftnetwork	320	95	2697	84	https://www.facebook.com/Graft-460292407666720/			https://t.me/joinchat/EneBw0RALAOjkSL2mdt2Gw	5 565	305000	285725
0.0	Greeneum	greeneum	greeneum network ico	https://twitter.com/GreeneumNet	187	275	5681	197	https://www.facebook.com/Greeneum-Network-1428274867286910/					4510	2824119
0.0	HAZZAnetwork	hazzanetwork	hazza	https://twitter.com/Hazza_Network	129	101	974	909	https://www.facebook.com/HAZZA-127816467849137/	1360	1370			23600	14720736
0.0	HDAC	hdac	hdac	https://twitter.com/hdactech	65	1	3812	6	https://www.facebook.com/hdactech	10582	11193	https://t.me/Hdac_TGE	3 882	32300	694263
0.0	hdcoin	hdcoin	hdcoin	https://twitter.com/icohdcoin	214	1963	335	72	https://www.facebook.com/ico.hdcoin/					33800000	12617492
0.0	HedgeToken	hedgetoken	hedge token	https://twitter.com/hedgetoken	605	692	3771	69	https://www.facebook.com/hedgetoken/	3186	3284			511000	1864512
0.0	Helbiz	helbiz	helbiz	https://twitter.com/helbizofficial	201	17	73000	807	https://www.facebook.com/pg/helbizofficial	58475	59476	https://t.me/helbiz	21 789	117000	548407
0.0	HelloGold	hellogold	hellogold foundation											247000	1895776
0.0	HEROcoin	herocoin	hero	https://twitter.com/HEROcoinio	831	591	4384	602	https://www.facebook.com/HEROcoinio/	10208	10448	https://t.me/joinchat/FsEwOwtrCZMWwHokEj70Gw	2 160	237	1268569
0.0	HeroToken	herotoken	hero token	https://twitter.com/herotokenio	658	1	2353	83	https://www.facebook.com/HeroTokenIO/	1148	1264	https://t.me/herotokensale	7 051	484000	445404
0.0	Hicky	hicky	hicky	https://twitter.com/HickyDapp	146	19	241	44	https://www.facebook.com/hickyio			https://t.me/getpicky	7 634	299	1716965
0.0	HiveProject_net	hiveprojectnet	hive project	https://twitter.com/hiveproject_net	578	252	7692	162	https://www.facebook.com/Hiveproject.net/	2774	2911			385000	834761
0.0	Hold_Me	holdme	holdme	https://twitter.com/holdmeio	74	127	2908		https://www.facebook.com/holdme.io/	1967	2089	https://t.me/holdmeofficial	1 789	3770000	na
0.0	HopeToken	hopetoken	hope token	https://twitter.com/Hope_Token	28	9	109	1	https://www.facebook.com/HopeFoundationToken	4861	4864	https://t.me/HopeToken	7	1020000	na
0.0	HOQU	hoqu	hoqu	https://twitter.com/HOQU_IO	216	52	6214	3	http://www.facebook.com/HOQUio	8373	8864	https://t.me/hoquio	14 504	28400	381971
0.0	HorizonState	horizonstate	horizon state	https://twitter.com/horizonstate	565	7	10400	341	https://www.facebook.com/HorizonState/	3043	3195			181000	1020438
0.0	HotNow	hotoken	hotoken	https://twitter.com/HoToKeN_ICO	156	299	12900	189	https://www.facebook.com/HOToken-714601092071498/	52292	52412			28400	2580933
0.0	Howdoo	howdoo	howdoo 	http://www.twitter.com/howdooHQ	992	474	7966	188	http://www.facebook.com/HowdooHQ	10758	10952	https://t.me/HowdooHQ	21 720	1270000	256375
0.0	HYCON	hycon	hycon	https://twitter.com/teamhycon	407	215	2991	583	https://facebook.com/teamhycon	2016	2145	https://t.me/teamhycon	9 801	136	402121
0.0	iagon	iagon	iagon	https://twitter.com/IagonOfficial	3729	777	4455	4292	https://www.facebook.com/Iagon-228521574349591	33158	33350	https://t.me/Iagon_official	26 164	12000	349864
0.0	icebreakerar	icebreakerar	icebreakerar	https://twitter.com/icebreakerar	45	72	3864	232	https://facebook.com/icebreakerar	386	390	https://t.me/icebreakerar	8 393	26600	6066236
0.0	iconiqlab	iconiqlab	iconiq lab	https://twitter.com/iconiqlab	353	109	26400	354	https://www.facebook.com/iconiqlab/	1615	1680	https://t.me/iconiqlabchat	29 525	188	400585
0.0	iexec	iex.ec	iex.ec	https://twitter.com/iEx_ec	1034	854	23900	363	https://www.facebook.com/Iex-ec-1164124083643301/	1640	1850			208	320336
0.0	imusify	imusify	imusify	https://twitter.com/imusify?lang=en	308	2071	2850	750	https://www.facebook.com/imusify/	1980	1945	https://t.me/imusifycommunity	7 293	16800	932951
0.0	indaHash	indahash	indahash	https://twitter.com/indahash	1104	1169	9954	607	https://www.facebook.com/indahash	29217	29919	https://t.me/indaHash_chat	11 413	170	370070
0.0	indorse	indorse	indorse	https://twitter.com/joinIndorse	772	238	9037	409	https://www.facebook.com/joinindorse	10054	10224			225	358004
0.0	InkLabsFoundation	inklabsfound	ink labs foundation	https://twitter.com/inklabsfound	187	10	10700	8	https://www.facebook.com/inklabs.found.9			https://t.me/joinchat/GHiS0A7C841w1NbTNwIYIQ		153000	2374696
0.0	INS_Ecosystem	insecosystem	ins ecosystem	https://twitter.com/ins_ecosystem	940	224	20000	1913	https://www.facebook.com/ins.ecosystem	23717	24632	https://t.me/ins_ecosystem	17 597	421000	380728
0.0	IntellisysCapital	intellisysllc	mainstreet investment	https://twitter.com/intellisys_llc	120	88	587		https://www.facebook.com/Intellisys-Capital-LLC-2013973512162650/					95700	na
0.0	InvictusCapital	invictuscapital	invictus hyperion fund	https://twitter.com/ic_invictus	97	38	1287	3	https://www.facebook.com/Invictus-Capital-337934410058549/	2959	3026			198	174068
0.0	InvoxFinance	invoxfinance	invox finance token sale	https://twitter.com/InvoxFinance	297	386	8427	434	https://www.facebook.com/Invox-Finance-162381191061327/	5872	6026	https://t.me/InvoxFinanceCommunity	36 126	102000	962917
0.0	IPGold	ip.gold	ip.gold	https://twitter.com/IPGoldHQ	61	4980	19400	896	https://www.facebook.com/IPGoldHQ/	391	414	https://t.me/IPGoldHQ	24 983	71800	447034
0.0	IPSX	ipexchange	ip sharing exchange	https://twitter.com/ipexchange1	65	30	2823	20	https://www.facebook.com/IPExchange	1495	1552	https://t.me/IPExchange	6 273	292000	619191
0.0	javvy	javvy	javvy 	https://twitter.com/javvycrypto	303	7688	7547	316	http://fb.me/javvycrypto	606	617	https://t.me/javvycrypto	25	30100	4454981
0.0	JibrelNetwork	jibrelnetwork	jibrel network	https://twitter.com/JibrelNetwork	306	12	6555	44				https://t.me/jibrelnetwork	2 145	267000	629232
0.0	jizzcoins	jizzcoins	jizzcoins	https://twitter.com/jizzcoins	88	186	238	35	https://www.facebook.com/jcncoins/			https://t.me/jizzcoins	143		5554274
0.0	karbonapp	karbon	karbon											197	na
0.0	KickCity	kickcity	kickcity	https://twitter.com/kickcity_io	232	125	6637	179	https://www.facebook.com/KickCityio	27923	27972	https://t.me/joinchat/Bn8u2UGTkwwhX1tWWpGBTw	7 413	20800	2539856
0.0	koranetwork	koranetwork	kora network 	https://twitter.com/Kora_Network	195	49	9430	33	https://www.facebook.com/thekoranetwork	8566	8912	https://t.me/kora_network	11 243	62000	661251
0.0	koronacoin	koronacoin	korona coin	https://twitter.com/KoronaCoin	109	96	6453	2	https://www.facebook.com/koronacoin/	15029	15266	https://t.me/koronacoinio	4 890	96400	938971
0.0	KR8OSproject	kr8osproject	kr8os	https://twitter.com/kr8osproject								https://t.me/kr8osproject		88200	4597342
0.0	LakeBanker	lakebanker	lakebanker	https://twitter.com/LakeBanker	261	188	315	197	https://www.facebook.com/LakeBanker	110	123	https://t.me/joinchat/GCtyFAxzdxE_pRC30NgZAw		27600	2945944
0.0	lambda_network	lambdanetwork	lambda	https://twitter.com/lambda_network	12	27	106	5	https://www.facebook.com/Lambda-2057556704477310/	109	111	https://t.me/lambda_network	421	58300	4625164
0.0	lamden	lamden	lamden	https://www.twitter.com/LamdenTau/	379	266	12400	302	https://www.facebook.com/LamdenTau/	3295	3501	http://t.me/lamdentau	1 474	64	561796
0.0	Lampix	lampix	lampix	https://twitter.com/lampix_co	909	787	3403	976	https://www.facebook.com/Lampix-997463780290920/	5913	6118			263000	na
0.0	leadcoin	leadcoin	leadcoin	https://twitter.com/LeadCoinNetwork	4180	644	1600	34	https://www.facebook.com/leadcoin.network			https://t.me/LeadCoinNetwork	12 463	226000	537683
0.0	Lendingblock	lendingblock	lendingblock	https://twitter.com/lendingblock	350	3953	6246	267	https://www.facebook.com/lendingblock	263	295	https://t.me/lendingblock	7 529	109000	385340
0.0	Lendoit	lendoit	lendoit	https://twitter.com/lend0it	114	491	2171	183	https://facebook.com/lend0it	1159	1238	https://t.me/Lendoit	2 821	43800	2646042
0.0	Leverj	leverj	leverj	https://twitter.com/Leverj_io	250	2860	5273	3526				https://t.me/joinchat/C-gLzkMqKr1zmoeS-ZQePg	3 563	275000	1743305
0.0	LibertyLance	libertylance	libertylance	https://twitter.com/LibertyLanceoff	70	188	9492	5	https://www.facebook.com/libertylanceofficial/	13092	13250	https://t.me/LibertyLanceOfficial	20 826	84800	271576
0.0	Libriumtoken	libriumtoken	librium	https://twitter.com/LibriumToken	13	177	1901	1				https://t.me/Librium	683	6	12799592
0.0	LiveStarsPlatform	livestars	live stars	https://twitter.com/LiveStarsIO	134	9	7628	9	https://www.facebook.com/LiveStarsIO/			https://t.me/livestarsio	2 677	165	828171
0.0	Localcoinswap	localcoinswap	localcoinswap	https://twitter.com/Localcoinswap_	746	1529	4703	860	https://www.facebook.com/localcoinswap/	11119	11286	https://t.me/localcoinswap	7 438	156000	188030
0.0	lookrev	lookrev	lookscoin	https://twitter.com/lookscoin	36	2328	368	26	https://facebook.com/lookrev	4191	4183	https://t.me/lookscoin	95	29200000	na
0.0	LOOMIA	loomia	loomia	https://twitter.com/LoomiaCo	1818	2369	4951	26900	https://www.facebook.com/LoomiaCo/	840	907	https://twitter.com/LoomiaCo		89	1013752
0.0	lovetokencrypto	lovetokencrypto	love token	https://twitter.com/lovetokencrypto	397	158	422	441	https://www.facebook.com/lovetokencrypto/	83	84	https://t.me/lovetokenchat	34	1250000	5779543
0.0	Loyakk	loyakk	loyakk	https://twitter.com/LoyakkVega	365	446	25500	74	https://www.facebook.com/loyakk	3160	3160	https://t.me/loyakk	90 045	34600	1379383
0.0	luckbox	luckbox	luckbox	https://twitter.com/luckboxgg?lang=en	1		5		https://www.facebook.com/LuckboxGG/	7042	17699	https://t.me/joinchat/FDjS9EJHnwhynuK16GK8HQ	18 351	396	339905
0.0	LuckchemyTeam	luckchemy	luckchemy	https://twitter.com/LuckchemyLtd/	110	1216	15000	152	https://www.facebook.com/luckchemy/	6789	7103	https://t.me/luckchemy_en	25 116	52900	387255
0.0	LuckyToken	luckytoken	luckytoken 	https://twitter.com/Lucky__Token	199		151		https://www.facebook.com/LuckyTokenIO	12590	12801			79700	2345246
0.0	lunyr	lunyr	lunyr	https://twitter.com/LunyrInc	1197	2541	33900	651	https://www.facebook.com/Lunyr-806275516194118	1465	1661			326000	549561
0.0	lustagency	lustagency	lust	https://twitter.com/lust_agency	73		527	3	https://www.facebook.com/lust.agency.official/	177	196	https://t.me/joinchat/FiB3R0Hi7Eb6-mTirf3vRQ	457	246	6717944
0.0	LYMPO	lympo	lympo	https://twitter.com/Lympo_io	438	2315	7741	638	https://www.facebook.com/Lympo.io	34833	35081	https://t.me/lympo	13 173	246	284598
0.0	madnetwork	madnetwork	mad network	https://twitter.com/madnetwork_	301	150	4708	444	https://www.facebook.com/MAD-Network-126357984721725/	468	489	https://t.me/joinchat/GKMQ1hEqhtQDst2cdiiwUw	3 156	397000	1414832
0.0	MarginlessNetwork	marginless	marginless	https://twitter.com/MarginlessNet	137	13	13300	38	https://www.facebook.com/MarginlessCommunity/	7860	8191	https://t.me/Marginless	16 750	138000	95733
0.0	markspace	markspace.io	mark.space	https://twitter.com/markspaceio	146	5	2972	82	https://www.facebook.com/markspace.io	3639	3817	https://t.me/markspaceio	6 230	8590	252194
0.0	massnetwork	massnetwork	mass network	https://twitter.com/mass_network	65	1	579	234	https://www.facebook.com/MassCoin/	396	403			443000	8629516
0.0	MedCredits	medcredits	medcredits	https://twitter.com/MedCredits	142	592	1785	99						13300	2927093
0.0	Menuva	menuva	menuva	https://twitter.com/ProjectMenuva	17	99	1621	45				https://t.me/projectMenuva	368	8920	11442775
0.0	Merculet	merculet	merculet	https://twitter.com/Merculet_io	143	5	28000	2	https://www.facebook.com/Merculet-347541915747100	3019	3178	https://t.me/merculet	12 626	65400	264212
0.0	metatip	metatip	metatip	https://twitter.com/METAofficials	58	11	918	60	https://www.facebook.com/METAofficials/			https://t.me/joinchat/HH5EDxCEOwEp0pLIO28AmQ	1 751	84000	2069046
0.0	mexc	mexc	mexc	https://www.twitter.com/mexc_life/	1227	706	963	734	https://www.facebook.com/mexc.life/	9754	9743	https://t.me/mexclife	6 980	115000	7072011
0.0	mgfsconsultmayuya	mayuyacoin	mayuyacoin									http://t.me/mgfsconsult	7	38100	na
0.0	mineredge	mineredge	mineredge	https://twitter.com/mineredge1	71	22	10300	6	https://www.facebook.com/mineredge.io/	6832	7099	https://t.me/mineredge	10 784	4980000	660157
0.0	Moirai_ICO	moirai	moirai	https://twitter.com/MoiraiPM	93	345	3791	3	https://www.facebook.com/Moirai-Predict-LTD-1671954776156448/			https://t.me/MoiraiGroup		1380	10943060
0.0	MonedaMND	moneda	moneda	https://www.twitter.com/getMoneda	17	3	14200	243	https://www.facebook.com/getMoneda	2070	2164	https://t.me/getMoneda	20 136	28200	577675
0.0	Monetha	monetha	monetha	https://twitter.com/Monetha_io	406	61	19100	312	https://www.facebook.com/Monetha.io	7537	8279			293000	581797
0.0	monkeycapital	monkeycapital	monkey capital	https://twitter.com/monkeycapitaico					https://www.facebook.com/MonkeyCapital/			https://t.me/Monkey_Capital		320000	na
0.0	MorpheusNetwork	themorpheusnetwork	morpheus network	https://twitter.com/morphcrypto	259	1692	6301	122	https://www.facebook.com/themorpheusnetwork/	8489	8629	https://t.me/themorpheusnetwork/	12 725	12300	203776
0.0	MosaicNetwork	mosaicnetwork	mosaic 	https://twitter.com/mosaic_io	167	422	8364	99	https://www.facebook.com/mosaicnetworkofficial	11590	12102	https://t.me/mosaicnetwork	38 192	119000	1451153
0.0	moxyone	moxyone	moxyone	https://twitter.com/moxy_one	314	110	2998	120	https://www.facebook.com/moxyone	13622	13719	http://t.me/moxyone	30 075	31700	444625
0.0	MyOddz	myoddz	myoddz.bet	https://twitter.com/myoddz	110	41	205	32	https://www.fb.com/myoddzbet	227	236	https://t.me/joinchat/GvBts0YKt_Q9lL1A506b8A	170	256000	na
0.0	neblio	neblio	neblio	http://twitter.com/NeblioTeam	173	799	75600	158	http://fb.me/neblioteam	46056	46221	https://t.me/joinchat/AAAAAEMvrqKFGqukuPvGrA	465	355000	277360
0.0	networkunits	networkunits	network units	https://twitter.com/network_units	86	18	441	14	https://www.facebook.com/networkunits	547	585	http://t.me/networkunits	785	887000	5425493
0.0	neufund	neufund	neufund	https://twitter.com/neufundorg	815	553	3243	1686	https://www.facebook.com/neufundorg/	2548	2738	https://t.me/neufund	1 547	24800	579304
0.0	Neurogress	neurogress	neurogress	https://twitter.com/neurogress	392	6	494	7	https://www.facebook.com/pg/Neurogress-139431726679350	20014	20076	https://t.me/Neurogress	1 555	19700	2207394
0.0	Neuromation	neuromation	neuromation.io	https://twitter.com/neuromation_io	308	126	6853	75	https://www.facebook.com/neuromation/	5138	5343			51800	643273
0.0	NextPakk	nextpakk	nextpakk	https://twitter.com/nextpakk	1201	540	28000	2304	https://www.facebook.com/nextpakk/	22229	22890	https://t.me/nextpakk	33 518	2800	221651
0.0	nexus_social	nexussocial	social	https://twitter.com/nexus_socials					https://www.facebook.com/nexussocialnetwork/			https://t.me/nexus_social		27000	na
0.0	Nimiq	nimiq	nimiq	https://twitter.com/nimiqnetwork	1	1	60					https://t.me/joinchat/AAAAAEJW-ozFwo7Er9jpHw	3 661	240000	119331
0.0	NitroToken	nitrotoken	nitro	https://twitter.com/NitroToken	593	2150	3848	1848	https://www.facebook.com/NitroToken	21585	21690	https://t.me/nitrotoken	91	8520	3443072
0.0	ODEM	odem	odem.io	https://twitter.com/ODEM_IO	771	397	3104	409	https://www.facebook.com/odemio/	4569	4670	https://t.me/odem_io	8 073	107000	840303
0.0	OfficialGoChain	gochain	gochain	https://twitter.com/go_chain	425	88	3412	917	https://www.facebook.com/gochaingo	3788	3830	https://t.me/go_chain	8 229	557000	311254
0.0	OfficialTIPbot	officialtipbot	tipbot	https://tipbot.io/index.php/#g-utility					https://www.facebook.com/tipbot.io	1266	1268	https://t.me/officialtipbot/	3 038	591	2759787
0.0	omise_go	omisego	omisego	https://twitter.com/omise_go	617	1524	282000	1163						685000	125126
0.0	onlivetv	on.live	on.live	https://twitter.com/on_live	131	11	3574	65	https://www.facebook.com/OnLive.TV/	5875	5954	https://t.me/OnLive	35 962	38100000	736507
0.0	OpenANX	openanx	openanx	https://twitter.com/OAX_Foundation	993	229	12400	738						181000	11257944
0.0	OpenCollectorsNetwork	opencollectorsnetwork	open collectors network	https://twitter.com/open_collectors	99	14	1442	59	https://www.facebook.com/OpenCollectorsNetwork	1992	2065	https://t.me/opencollectorsnetwork	5 041	451000	2000367
0.0	openZen	openzen	openzen	https://twitter.com/JustOpenZen	59	1763	853	12	https://facebook.com/openZen	6327	6244	https://t.me/openzen	61	4 results	na
0.0	ORCA_Alliance	orcaalliance	orca	https://twitter.com/ORCA_Alliance	840	2158	15700	478	https://www.facebook.com/ORCAAlliance/	5561	5675	https://t.me/ORCAalliance	29 921	124	187125
0.0	OrigamiNetwork	origaminetwork	origami network	https://twitter.com/origami_network	241	656	843	174	https://www.facebook.com/origaminetworkico/	197	214			269000	758810
0.0	origintrail	origintrail	origintrail	https://twitter.com/origin_trail	846	529	12300	1733	https://www.facebook.com/origintrail/	2425	2580	https://t.me/origintrail	10 086	260000	360270
0.0	OtcritPlatform	otcritplatform	otcrit platform	https://twitter.com/otcritplatform	498	784	1208	261	https://www.facebook.com/OtcritPlatform/	760	815	https://t.me/OtcritPlatform	1 104	13000	2437523
0.0	p2psf	p2psf	p2p solutions foundation 	https://twitter.com/p2psf	518	9391	13100	5144	https://www.facebook.com/P2P-Solutions-Foundation-1953510414915812/	3703	3811	https://t.me/p2psf		150000	933717
0.0	Pally	pally	pally	https://twitter.com/pally_app	411	814	1724	121	https://www.facebook.com/pallyapp/	6428	6474	https://t.me/icopally	471	843	4073057
0.0	ParagonCoin	paragoncoin	paragon	https://twitter.com/paragoncoin	1052	546	4421	982	https://www.facebook.com/Paragon-Coin-1894608554121003/	215196	215686	https://t.me/joinchat/Clv-u0IXuCq2B0xvCIlRXw		186	960484
0.0	parsecfrontiers	parsecfrontiers	parsec frontiers	https://twitter.com/parsecfrontiers	323	2473	21400	475	https://www.facebook.com/ParsecFrontiers/	6525	6556	https://t.me/ParsecFrontiers	22 856	68	478932
0.0	Pavocoin	pavocoin	pavocoin	https://twitter.com/PavoIoT/	528	134	2522	46	https://www.facebook.com/PavoIoT/	1651	1714	https://t.me/pavo_en	59 779	31700	450998
0.0	PayPie	paypie	paypie	https://twitter.com/PayPiePlatform	198	3	7806		https://www.facebook.com/PayPiePlatform	2063	2310			251000	623215
0.0	Pibbleio	pibbleio	pibble	https://twitter.com/pibbleio	79	22	10900	28	https://www.facebook.com/pibbleio/	12376	12990	https://t.me/pibbleio_eng		8	987889
0.0	PikcioChain	pikciochain	pikciochain	https://twitter.com/pikciochainpkc	271	366	6422	1088	https://www.facebook.com/PikcioChain-124664578252166/			https://t.me/joinchat/FnQXtxIUPkLYFKcSnD5JsA	7 412	173000	314074
0.0	PillarProject	pillarproject	pillar	https://twitter.com/PillarWallet	1188	62	12800	2552	https://www.facebook.com/twentythirty2030/	383	395	https://t.me/pillarproject	750	3670	568650
0.0	Plaak	plaak	plaak	https://twitter.com/Getplaakingnow					https://www.facebook.com/groups/1269079126572130/			https://www.t.me/plaaktelegram	239	8900	2669137
0.0	Playkey	playkey	playkey	https://twitter.com/Playkey_en	338	295	9923	225	https://www.facebook.com/groups/playkeyICO/			https://t.me/playkey_io	9 657	280	589584
0.0	PlazaSystems	plazasystems	plaza systems	https://twitter.com/PlazaSystems	212	25	11900	1985	https://www.facebook.com/plazasystems	2401	2702	https://t.me/plazatalk	16 414	130000	643084
0.0	pokersports	pokersports	pokersports	https://twitter.com/pokersports_	383	34	18600	345	https://www.facebook.com/PokerSports/	7164	7435	https://t.me/joinchat/IIs54A9o4p-Nr5nC668m0Q	45 577	12600	1971918
0.0	Popultrade	popultrade	popultrade	https://twitter.com/PopulTrade	170	470	465	263	https://www.facebook.com/PopulTrade-527801574225340	470	491	https://t.me/popultradeofficialQA	922	4790	na
0.0	Povrproject	povrproject	povr	https://twitter.com/povr_/	577	171	1682	6487	https://facebook.com/povrproject/	8970	8977	https://t.me/povcoin	4 112	300000	5582260
0.0	PreVUEBlockchain	prevue	prevue	https://twitter.com/dashbidmedia	778	775	32500	9727	https://www.facebook.com/DashBid/	24281	25576	https://t.me/joinchat/HHvO8gpL9O5Hg1uX4aONsQ	58 337	11400	541272
0.0	profede	profede	profede	https://twitter.com/ProfedeOfficial	261	14	37600	202	https://www.facebook.com/Profede-1995494504108926/	19437	19532	https://t.me/joinchat/AFpTXgkzZZjESOaSB1wRCQ	42 997		373155
0.0	projectaiur	aiur	aiur									https://t.me/theirisai	2 309	2460000	337836
0.0	ProjectDistricts	districts	project districts	https://twitter.com/Districts_io	182	45	4945	337	https://www.facebook.com/districtsio/	10204	10263	https://t.me/joinchat/Fj1aIQ7DrxPKJ0Yh2NklKw	886	243000	240148
0.0	PROPSProject	propsproject	props	https://www.twitter.com/PROPSproject	233	295	6820	242				https://t.me/propsproject	6 721	209	924151
0.0	protostarr	protostarr	protostarr	https://www.twitter.com/protostarr_io	55	72	602	88	https://www.facebook.com/protostarr.io	598	624			6310	na
0.0	providence_casino	providencecasino	providence	https://twitter.com/cashlesscasino	117	219	1354	211	https://www.facebook.com/ProvidenceCryptoCasino/?fref=ts			https://t.me/providencecasino	533	38000	7087580
0.0	publicaio	publicaio	publica	https://twitter.com/PublicaIO	831	743	9279	440	https://www.facebook.com/OfficialPublica/	6458	6536	https://t.me/publicaio	1 320	309000	na
0.0	PumaPay	pumapay	pumapay	https://twitter.com/PumaPay	497	419	4410	2439	https://www.facebook.com/PumaPay	2917	3073	https://t.me/PumaPay	16 722	49000	167478
0.0	PureAirIndustries	pureairindustries	pureair coin 						https://www.facebook.com/groups/355957491515979/			https://t.me/pureairico	52	124000	na
0.0	Quantor	quantor	quantor	https://twitter.com/quantor_co	141	165	156	55	https://www.facebook.com/quantor.co/	6011	6030	https://t.me/quantor	5 233	578000	15232679
0.0	quantum1net	quantum1net	quantum1net						https://www.facebook.com/Quantum1Net	1609	1688			46	4132966
0.0	Quarteria	quarteria	quarteria	https://twitter.com/Quarteria_io	68	146	27000	131	https://www.facebook.com/quarteria.io/	683	720	https://t.me/quarteria_io	29 029	1340	887479
0.0	QuickBetCoin	quickbetcoin	quickbetcoin	https://twitter.com/QuickBetCoin	9	7	52	1	https://www.facebook.com/quickbetcoin/	2583	2584			133000	na
0.0	quixxi	quixxi	quixxi 	https://twitter.com/quixxiplatform	495	416	191	153	https://www.facebook.com/quixxi/	948	955	https://t.me/joinchat/Gij3Zkhbwr1vR_ewKUSryQ	819	2410	1787813
0.0	R_Block	rblock	r_block	https://twitter.com/_R_Block								https://t.me/r_block		10100000	2040694
0.0	RadioYo	radioyo	radioyo	https://twitter.com/radioyofm	1857	139	166	136				https://t.me/joinchat/AAAAAEMBG4bGWaQGuDkstg	57	462000	7935476
0.0	raidennetwork	raidennetwork	raiden network	https://twitter.com/raiden_network	43	59	23600	30						335000	588694
0.0	ravelous	ravelous	ravelous	https://twitter.com/ravelousmarket	53	31	8438	106	https://www.facebook.com/ravelousmarket	3795	3955	https://t.me/joinchat/Ghj22Q0NPsZzJXpkkTaPQQ	3 500	29100	8114481
0.0	RebelliousCoin	rebelliouscoin	rebellious	https://twitter.com/RebelliousCoin	792	27	25600	911	https://www.facebook.com/RebelliousCoin/	4910	5235	https://t.me/RebelliousCoin	10 672	219000	381599
0.0	REcoin	recoin	recoin	https://twitter.com/101REcoin					https://www.facebook.com/101RECoin/					173	na
0.0	redBUX	redbux	redbux						https://www.facebook.com/redbux/	3636	3750	https://t.me/redbuxico	4 534	192	416081
0.0	Redemption_ICO	redemption	redemption technologies	https://twitter.com/Redemption_Tech	5		88	3	https://www.facebook.com/RedemptionTech/					124000	na
0.0	RedPulseToken	redpulsechina	red pulse 	https://twitter.com/red_pulse_china	3650	465	33200	343	https://www.facebook.com/redpulsechina/	1574	1794			383000	1042972
0.0	refereum	refereum	refereum	https://twitter.com/refereum	861	296	55000	991	https://facebook.com/refereum	38215	49124	https://t.me/refereum	178 143	239000	48049
0.0	RefToken	reftoken	reftoken						https://www.facebook.com/RefToken/	18210	18256	https://t.me/RefToken	3 238	249000	1573058
0.0	remme	remme	remme	https://twitter.com/remme_io	551	560	6549	289	https://www.facebook.com/remme.io/	5696	5821	https://t.me/remme	15 980	274000	726579
0.0	Renderpayment	renderpayment	render payment	https://twitter.com/RenderPayment	67	33	5739	2	https://www.facebook.com/RenderPayment/	742	786			3220	4315937
0.0	Rentberry	rentberry	rentberry	https://twitter.com/rentberry_	609	4314	23500	1340	https://www.facebook.com/RentberryInc/	24170	24552	https://t.me/joinchat/E6YjkQ2yQwBk9WaP0q-zMQ	14 131	236000	150691
0.0	RequestNetwork	requestnetwork	request network	https://twitter.com/requestnetwork	230	17	41800	63	https://www.facebook.com/Request-Network-140279756554525/	4059	4714	https://t.me/requestnetwork	13 716	1390000	178532
0.0	RestartEnergy	restartenergy	restart energy democracy	https://twitter.com/restartenergyio	245	191	10900	264	https://www.facebook.com/Restart-Energy-Democracy-140703160017376/	27343	27484	https://t.me/RestartEnergy	29 498	28700	816556
0.0	RewardsToken	rewardstoken	rewardstoken	https://twitter.com/Rewardsdotcom	1421	5473	39900	1035	https://www.facebook.com/rewardstoken/	36545	37768	https://t.me/RewardsToken	49 154	2020000	222578
0.0	SAAVgames	saavgames	saavcoin	https://www.twitter.com/saavgames	178	32	70	149	https://www.facebook.com/saavgames	77	78	https://t.me/saavgames	42	71800	na
0.0	safead	safead	safe.ad									https://t.me/safead	2 454	1260	1860020
0.0	salarium	salariumpayroll	salpay	https://twitter.com/salariumpayroll	952	1682	7024	211	https://www.facebook.com/Salarium.Solutions/	10884	10927	https://t.me/joinchat/AOdFfkkMyybPF-YXZ6w9jg	2 376	6920000	2202954
0.0	Sandblock_io	sandblockio	sandblock	https://twitter.com/sandblock_io	155	53	12400	240	https://www.facebook.com/sandblock.io/	8079	8426			282000	766635
0.0	sapien	sapien	sapien	https://twitter.com/sapien_network	246		9129	146	https://www.facebook.com/sapien.network/	7691	7957	https://t.me/SapienNetwork	21 253	52	400925
0.0	SaturnNetwork	rados	rados (saturn network)	https://twitter.com/rados_io	637	822	1033	344	https://www.facebook.com/radosblog/	52	56	https://t.me/rados	1 068	85000	469998
0.0	savedroid_ico	savedroid	savedroid	https://twitter.com/savedroidag	1267	565	9519	3320	https://www.facebook.com/savedroid/	15313	16124	https://t.me/savedroid	45 516	509000	118807
0.0	ScamConnect	scamconnect	scam connect	https://twitter.com/scamconnect	4	1	1							6280	na
0.0	scrinium	scrinium	scrinium	https://twitter.com/ScriniumAi	228	105	4170	62	https://www.facebook.com/scriniumai	7015	7110	https://t.me/scriniumai	1 061	97700	3167077
0.0	sensetoken	sensetoken	sense	https://twitter.com/sensay	2806	9348	8983	21900	https://www.facebook.com/sensaybot/	2488	2612	https://t.me/joinchat/AAAAAEQzTJW8N35CcmHlZA	2 416	1870	1787373
0.0	Sentinel_Protocol	sentinelprotocol	sentinel protocol	https://twitter.com/s_protocol/	142	44	4299	194	https://www.facebook.com/sentinelprotocol/	451	522	https://t.me/sentinelprotocol	32 243	310000	232415
0.0	Set4Earth	set4earth	save environment token	https://twitter.com/settoken	41	158	25700	1	https://www.facebook.com/set4earth/	5935	5960	https://t.me/joinchat/FQwRZhG36PTH5plA6sxSHA	53 103	260000	3746595
0.0	SharpeCapital	sharpecapital	sharpe capital	https://twitter.com/sharpecapital	186	1678	2911	819	https://www.facebook.com/sharpecapital	1493	1583	https://t.me/sharpecapital	2 678	203000	1350717
0.0	Shop_	shopin	shopin	https://twitter.com/shopinapp	748	950	1727	733	https://www.facebook.com/shopineverywhere	1202	1259	http://telegram.me/shopineverywhere	12 530	4340	395292
0.0	ShpingCoin	shpingapp	shping token sale	https://twitter.com/ShpingApp	595	242	7946	261	https://www.facebook.com/ShpingApp	33581	33815	https://t.me/ShpingCommunity	18 566	407000	465661
0.0	SignalsNetwork	signalsnetwork	signals	https://twitter.com/signals_network	489	387	24500	518	https://www.facebook.com/signals.network/	18705	19790			315000	158415
0.0	SilentNotary	silentnotary	silentnotary	https://twitter.com/SilentNotary	968	311	7940	647	https://www.facebook.com/SilentNotary/	1201	1265	https://t.me/icosilentnotary		61600	770702
0.0	sixnetwork	sixnetwork	six.network						https://www.facebook.com/thesixnetwork/	10315	10551	https://t.me/SIXNetwork	6 876	1300000	445053
0.0	SKRAPSio	skraps	skraps	https://twitter.com/SKRAPS_IO	596	3034	5155	4993	https://www.facebook.com/SKRAPSAPP/	4963	5136	https://t.me/SkrapsOfficial	12 547	66400	1110635
0.0	Skyllz	skyllz	jyli	https://twitter.com/Skyllz_platform	51	16	1701	53	https://www.facebook.com/skyllzplatform	1512	1577	https://t.me/skyllz	2 338	81400	na
0.0	SmartCityICO	smartcity	smartcity	https://twitter.com/SmartCity_ICO	1		33		https://www.facebook.com/SmartCity-ICO-141944339907227/	15	17	http://www.t.me/SmartCityICO	122	504	12183292
0.0	SmartContainers	smartcontainers	smart containers	https://twitter.com/SMARC_ICO	200	16	2402	79	https://www.facebook.com/Smart-Containers-157874458234951	2180	2273	https://t.me/smartcontainers	4 125	238000	750642
0.0	SmartIFT	smartift	sift	https://twitter.com/smartift	99	38	440	30				https://t.me/smartift	606	84	6224747
0.0	SmartOne	smartone	smartone	http://twitter.com/SmartOneLegal	120	24	1371	74	https://www.facebook.com/SmartOneLegal-2014510928779742/	306	336	https://t.me/joinchat/A5Q_tEPvfVcNeoQWI475pA	638	101	14364121
0.0	solvecare	solvecare	solve.care 	https://twitter.com/Solve_Care	281	2706	3555	66	https://www.facebook.com/SolveCare-264450984069589/	2882	3040	https://t.me/SolveCare	29 254	5480000	na
0.0	sp8de	sp8de	sp8de	https://twitter.com/SP8DE_Official	142	69	5133	31	https://www.facebook.com/sp8deofficial/	17142	17471	https://t.me/joinchat/B-YJaQ_ULpPKAzPHFPUa-Q	9 970	52200	815483
0.0	SpankChain	spankchain	spankchain	https://twitter.com/SpankChain	1871	2047	11900	6491						275000	231728
0.0	SpartaStartups	spartastartups	sparta	https://twitter.com/spartaico	51	1	10400	1	https://www.facebook.com/spartastartups/	6732	6907	https://t.me/joinchat/FiHDZw5qhOTmSArzrs42rQ	744	101000	772330
0.0	Spectre_ai	spectre	spectre	https://twitter.com/SpectreAI	701	217	6786	120	https://www.facebook.com/spectrepage/	1296	1499	https://t.me/joinchat/GjkGkw7IfwUVuPiWxctD4g	5 050	241	275868
0.0	spheresocial	sphere social	sphere social	https://twitter.com/SphereOfficial1	215	310	10500	25	https://www.facebook.com/SphereSocialNetwork	10820	11709	https://t.me/sphere_official1	16 483	416000	62217
0.0	spheris	spheris	spheris	https://twitter.com/spheris_io	87	175	1292	3				https://t.me/spheris	132	432000	9264121
0.0	Spotcoin	spotcoin	spotcoin	https://twitter.com/therealspotcoin	199	375	2508	118	https://www.facebook.com/spotcoin/	2865	2993	https://t.me/spotcointeam	13 284	33600	305221
0.0	Statercoin	statercoin	stater 	https://twitter.com/Stater_Coin					https://www.facebook.com/Statercoin/			https://t.me/StaterCoin		5500000	na
0.0	STKToken	stktoken	stk token	https://twitter.com/stktoken	208	2210	10100	538				https://t.me/stktoken	7 070	302000	824042
0.0	stopthefakes	stopthefakes	stopthefakes (pre-ico)	https://twitter.com/StopTheFakes_io	253	186	2135	3	https://www.facebook.com/Stopthefakes-137209146891736/	4556	4655	https://t.me/stopthefakes	6 153	16400	1094755
0.0	storj	storj	storj	https://twitter.com/storjproject	2638	3801	83900	3532	https://www.facebook.com/storjproject	7624	8228	https://t.me/storjproject	1 738	4180	105282
0.0	stormtoken	stormtoken	storm	https://twitter.com/Storm_Token	866	90	27400	999	https://www.facebook.com/stormtoken	7312	7921	https://t.me/joinchat/GHTZGQwsy9mZk0KFEEjGtg	9 716	3340	308828
0.0	STOX	stox	stox	https://twitter.com/stx_coin	705	108	14300	2020				https://t.me/joinchat/DByWw0Pnq9BAy4FqPv_Lyg	10 651	2200	91958
0.0	Stoxum	stoxum	stoxum	https://twitter.com/stoxum	40	952	5278		https://www.facebook.com/stoxum	1753	3214	https://t.me/stoxum	4 010	292000	639565
0.0	streamspace	streamspace	streamspace	https://www.twitter.com/streamspaceinfo	680	3226	6965	1133	https://www.facebook.com/streamspace/	739	791			15600	2895312
0.0	suncontract	suncontract	suncontract	https://twitter.com/sun_contract	687	247	16000	793	https://www.facebook.com/suncontractorg/	22525	22930			257000	680803
0.0	synapseai	synapse	synapse	https://twitter.com/aisynapse	844	469	23900	994	https://www.facebook.com/groups/868857153271521/			https://t.me/joinchat/FhJX1w6otwOjmbVof1dyvw	31 977	132	143065
0.0	SynapseMarket	synapsemarket	synapse marketplace	https://twitter.com/SynapseMarket					https://www.facebook.com/SynapseMarket					58100	na
0.0	teamHODL	teamhodl	teamhodl	https://twitter.com/hodl_team	63	194	210	182						1630000	4623280
0.0	tendswiss	tendswiss	tend	https://twitter.com/tendswiss	1827	932	3556	1172				https://t.me/joinchat/CyYnLlFAdRuABPgc8NjBcg	1 292	261000	5397147
0.0	TenX	tenx	tenx	https://twitter.com/tenxwallet	1560	62	142000	1158	https://www.facebook.com/tenxwallet/	31398	35274			416000	147521
0.0	theabyssplatform	theabyss	the abyss	https://twitter.com/theabyss	371	5	17600	437	https://www.facebook.com/theabyssportal/			https://telegram.theabyss.com/	39 934	194000	100892
0.0	TheAcornCollective	theacorncollectiveico	acorn collective	https://twitter.com/AcoCollective	2395	9141	54200	3049	https://www.facebook.com/TheAcornCollectiveICO	25043	25590	https://t.me/joinchat/HI_eCBG0fCRCl1ja-d5JDg	56 963	119000	299758
0.0	TheAgoraMarketplace	theagora	agora	https://twitter.com/TheAgoraICO	24	9	217	2	https://www.facebook.com/TheAgoraICO	279	301			95000	4476744
0.0	TheForgeNetwork	theforgenetwork	the forge network	https://twitter.com/forgenetcoin	79	50	769	23	https://www.facebook.com/ForgeNetCoin/	6043	6076	https://t.me/ForgeNet	856	71900	6646236
0.0	ThePonderApp	theponderapp	ponder	https://twitter.com/theponderapp	1420	1633	1427	2960	https://www.facebook.com/theponderapp/	2741	2723	https://t.me/ThePonderApp	18 926	55	2383341
0.0	thestayawhile	thestayawhile	stayawhile 	https://twitter.com/thestayawhile			2		https://www.facebook.com/thestayawhile/	1278	1303	https://t.me/joinchat/GsDqSw8POzzIkKcaJXTd-A	71	8700	3604540
0.0	TheVivaNetwork	thevivanetwork	viva network	https://twitter.com/TheVivaNetwork	316	434	16500	1454	https://www.facebook.com/VivaNetworkOfficial/	14727	15307	https://t.me/thevivanetworkofficial	103	101	524301
0.0	thinkcoin	thinkcoin	thinkcoin	https://twitter.com/ThinkCoinToken	425	658	16000	607	https://www.facebook.com/ThinkCoinToken/	8057	8172	https://t.me/thinkcointoken	20 376	53500	380544
0.0	tierion	tierion	tierion	http://www.twitter.com/tierion	758	334	17300	1682	https://www.facebook.com/pages/Tierion/1430447893927429	863	1072	https://t.me/tierion	4 412	300000	641214
0.0	tiesnetwork	tiesnetwork	ties.network	https://twitter.com/tiesnetwork	176		7367	15	https://www.facebook.com/tiesdb	11465	11666	https://t.me/tiesnetwork	332	557000	18041040
0.0	tokenbox	tokenbox	tokenbox	https://twitter.com/tokenbox	561	24	2420	30	https://www.facebook.com/Tokenbox/	7176	7332	https://t.me/Tokenbox	1 935	120000	1781590
0.0	tokenstars	tokenstars	tokenstars team	https://twitter.com/TokenStars	568	517	4198	314	https://www.facebook.com/TokenStars/	2530	2694	https://t.me/TokenStars_en	16 818	178000	892473
0.0	TOKIA	tokia	tokia	https://twitter.com/tokia_ico	58	28	1690	30	https://www.facebook.com/Tokia.io/	21997	22377	https://t.me/tokiaio	8 084	135	503890
0.0	topiacoin	topiacoin	topiacoin	https://twitter.com/Topia_Tech	713	363	435	448	https://facebook.com/topiatechnology	51	58			18400	2348854
0.0	TowerBee	towerbee	towerbee	https://twitter.com/towerbee	170	24	1206	3	https://www.facebook.com/silverbeegroup	138063	137883	https://t.me/towerbee	9 555	9870	3636723
0.0	traxia	traxia	traxia	https://twitter.com/TraxiaNetwork	158	88	2828	10				https://t.me/traxiafoundation	4 728	87100	235203
0.0	TraXion	traxion	traxion	https://twitter.com/traxiontoken	278	34	16100	88	https://www.facebook.com/traxion.tech/	16096	16601	https://t.me/TraXionICO	39 210	142	332240
0.0	TrenditStudios	trenditstudios	trendit	https://twitter.com/trenditstudios	133	189	7754	260	https://facebook.com/trenditstudios	992	1007	https://t.me/trenditstudios	2 970	5230000	7190079
0.0	treon	treon	treon	https://twitter.com/TreonNews	238	95	21700	306	https://www.facebook.com/Treon-171801956857915/	12205	12538	https://t.me/TreonTXO	3 742	421	743869
0.0	Triggmine	triggmine	triggmine	https://twitter.com/triggmine	2037	343	1417	1064	https://www.facebook.com/Triggmine/	3725	3791	https://t.me/TriggmineTokenSale	12 390	36800	1112679
0.0	truprotocol	truprotocol	tru reputation network	https://twitter.com/tru_ltd	43	121	490	28				https://t.me/truprotocol	45	147000	12930969
0.0	TrustedHealth	trustedhealth	trustedhealth	https://twitter.com/_trustedhealth	13700	3912	11000	233				https://t.me/TrustedHealth_io	8 661	16400	1881024
0.0	Tutellus	tutellus	tutellus	https://twitter.com/tutellusico	967	228	5507	328	https://www.facebook.com/tutellusio/	1202	1245	https://t.me/tutellus	8 957	70900	150691
0.0	tvtwocom	tvtwocom	tv-two	https://twitter.com/tvtwocom	480	9	3889	118	https://www.facebook.com/tvtwocom	5040	5242	https://t.me/tvtwocom	10 910	12400	797642
0.0	UberPro	uberpro	uberpro	https://twitter.com/uberproteam	17	50	767	6	https://www.facebook.com/uberproteam	2231	2231	https://t.me/uberproteam	83	81900	14433964
0.0	ucash	u.cash	u.cash	https://twitter.com/udotcash	1334	31400	36800	5876	https://www.facebook.com/udotcash	224027	224907			4790000	165457
0.0	Unibright	unibright	unibright	https://twitter.com/Unibrightio	223	340	5339	110	https://www.facebook.com/Unibright.IO/	3383	3564	https://t.me/Unibright_IO	9 623	166	222170
0.0	UNICORNGO	unicorngo	unicorngo	https://twitter.com/UnicornGo_2018	100		1473	3	https://www.facebook.com/unicorngo2018/	20725	20742	https://t.me/unicorn_go	15 836	17500	618100
0.0	Unilot	unilot	unilot	https://twitter.com/unilot_platform	80	289	2813		https://www.facebook.com/unilot.io/	240	255	https://t.me/Uniloteng		9	870591
0.0	UpToken	uptoken	uptoken	https://twitter.com/uptoken	305	4892	3082	172	https://www.facebook.com/UpTokenSale/	891	942			221000	1526067
0.0	Utrumdotio	utrumdotio	utrum	https://twitter.com/utrumdotio	285	81	5220	326	https://www.facebook.com/utrumdotio/	4112	4206	https://t.me/utrumdotio	10 105	232	576941
0.0	valid_global	validglobal	valid	https://twitter.com/valid_global	348	186	1399	407	https://www.facebook.com/valid.global/	208	231	https://t.me/valid_global	3 689	247	1118656
0.0	VaultBank	vaultbank	vaultbank	https://www.twitter.com/vaultbankico					https://www.facebook.com/vaultbank.io	1973	2031	https://t.me/VaultbankICO	1 948	13000	3324045
0.0	vctoken	vctoken	blockchain capital fund iii	https://twitter.com/blockchaincap	1318	223	21700	1276	https://www.facebook.com/blockchaincapital	7693	7980	https://t.me/vctoken	253	2310	879263
0.0	VectorCrypto	vectorexchange	vector 	https://twitter.com/VectorExchange	112	8	414	144	https://www.facebook.com/Vector-Exchange-505212856510679/	23376	23396	https://t.me/vectorexchangegroup	60	329000	18303869
0.0	VelixID	velixid	velix.id	https://twitter.com/VelixId	456	565	5689	2154	https://www.facebook.com/VXDID/	9925	10100	https://t.me/velixID	21 521	43100	417192
0.0	ventureOn	vnn	blockchain ventureon	https://twitter.com/Blockchain_VNN	859	6354	6066	394	https://www.facebook.com/Blockchain.VNN/	1149	1215	https://t.me/BC_Ventureon	1 004	3590000	2087737
0.0	verasity	verasity	verasity	https://twitter.com/verasitytech	752	242	11700	449	https://www.facebook.com/verasitytech/	283488	283727	http://t.me/verasitychat	48 914	894	84523
0.0	verifyas	verifyas	verify	https://twitter.com/verif_yas/	119	2	7547	20	https://fb.com/verifyas/	462	490	https://t.me/verifyas	3 518	4620000	1537441
0.0	VibeHub	vibehub	vibehub	https://twitter.com/VibeHubVR	412	2892	21400	258	https://www.facebook.com/vibehubvr/	1339	1507			144000	792425
0.0	VideoCoin	videocoin	videocoin	https://twitter.com/VideoCoinHQ	295	2087	2436	505	https://www.facebook.com/videocoin	299	353	https://t.me/videocoin	47 446	9	677064
0.0	ViolaAI	violaai	viola.ai	https://twitter.com/viola_ai_	667	183	1389	120	https://www.facebook.com/viola.ai.world/	3651	3780	https://t.me/ViolaAI	23 513	89400	684285
0.0	VioToken	vio.token	vio	https://twitter.com/viome_io	281	1107	5521	1507	https://www.facebook.com/vio.token	58642	58640	https://t.me/viome_io	252	65	2990014
0.0	Virtonomics	virtonomics	vicoin 	https://twitter.com/virtonomics?lang=en	399	1166	677	76	https://www.facebook.com/Virtonomics/	14042	13925	https://t.me/virtonomicsico	508	46300	4543151
0.0	Viuly	viuly	viuly	https://twitter.com/ViulyOfficial	268	199	6329	309				https://t.me/ViulyOfficial	6 530	204000	486228
0.0	Vuulr	vuulr	vuulr	https://twitter.com/Vuulr_Official	245	545	429	131	http://facebook.com/vuulr	262	284	https://t.me/vuulr	9 822	20900	957238
0.0	Wagerr	wagerr	wagerr	https://twitter.com/wagerrx	465	1017	17200	517	https://www.facebook.com/wagerr	7893	8044			316000	710734
0.0	WAXtoken	waxtoken	wax	https://twitter.com/waxtoken	1		428		https://www.facebook.com/WAX-token-110890759600126/			https://t.me/waxtoken	246	4660	na
0.0	WePowerNetwork	wepowernetwork	wepower	https://twitter.com/WePowerN	2449	2109	36200	1605	https://www.facebook.com/WePowerNetwork	23512	25076	https://t.me/WePowerNetwork	50 209	318000	371696
0.0	Whalesburg	whalesburg	whalesburg	https://twitter.com/whalesburg	55	20	5338	64	https://www.facebook.com/Whalesburg/	2047	2348	https://t.me/whalesburg	19 694	11900	223748
0.0	WikiToken	wikitoken	wiki token	https://twitter.com/wiki_token	80	162	169	275				https://t.me/wikitoken_eng	167	596000	194684
0.0	windingtree	windingtree	winding tree	https://twitter.com/windingtree	743	488	4998	607				https://t.me/windingtree	6 661	58500	734279
0.0	WingsDAO	daoact	act	https://twitter.com/daoact_org	337	423	5609	209	https://www.facebook.com/daoact/	2033	2138	https://t.me/joinchat/AAAAAAtOo5ZdK9L2N3Taaw		26400	na
0.0	wizzle	wizzle	wizzle	https://twitter.com/wizzle_io	131	695	2624	123	https://www.facebook.com/wizzle.io/	69413	69540	https://t.me/joinchat/HxFHQw-ARXX5Jax3eeCHTw	6 912	9290	1243930
0.0	xAthena	xathena	athena	https://twitter.com/Athenacoin	7		1608		https://www.facebook.com/athenacoin	1106	1170	https://t.me/xathena	580	377	13757573
0.0	xchangerate	xchangerate	xchangerate	https://twitter.com/XchangeRate_io	138	172	16300	105	https://www.facebook.com/xchangerate.io	1165	1202	https://t.me/joinchat/F_sHmUlqhCZy6bJYcVPw1Q	17 028	5290000	594177
0.0	XYONetwork	xyonetwork	xyo	https://twitter.com/XYOracleNetwork	243	33	7477	354	https://facebook.com/xyonetwork	6767	7251	https://t.me/joinchat/GVfdkUtqtEQ5CC2xXYMqlQ	16 163	2780	14673
0.0	youtoken	youtoken	youtoken									https://t.me/youtoken	1 143	13600000	2026467
0.0	ZaberCoin	zabercoin	zabercoin	https://twitter.com/zabercoin					https://web.facebook.com/Zabercoin/			https://t.me/zabercoin		28000	8198063
0.0	ZeCashOfficial	zecash	zecash	https://twitter.com/ZeCash_official	26	1	1338	1	https://www.facebook.com/ZeCash-178476346280771	3056	3123	https://t.me/ZeCash	1 820	358000	1387707
0.0	ZeroCarbonProject	zerocarbonproject	zero carbon project	https://twitter.com/ZeroCarbonPrjct	178	955	2123	135	https://www.facebook.com/Zero-Carbon-Project-1994928630745331	1394	1425	https://t.me/ZeroCarbonProject	2 183	389000	2058888
0.0	zetochain	zetochain	zetochain 	https://twitter.com/zetochain	115	3	23000	41	https://www.facebook.com/zetochain	16128	16969	https://t.me/zetochain	43 849	15800	1924872
0.0	Zichain	zichain	zichain	https://twitter.com/Zichain1/	199		4342	3	https://www.facebook.com/zichainecosystem/	29837	29980	https://t.me/Zichain_EN	6 845	87	257113
0.0	ZILLAtoken	zillatoken	zilla	https://twitter.com/zillatoken	74	78	3618	43	https://www.facebook.com/ZILLAtoken/	1562	1716	https://t.me/joinchat/F9vj4EQIkKu398SfexKQqg		75	430625
