ICO,# Reddit Posts
RequestNetwork,986
ArkEcosystem,980
ETHLend,977
RebelliousCoin,976
RedPulseToken,951
Antshares,949
GolemProject,942
BATProject,941
enjincoin,929
enigmacatalyst,923
storj,923
civicplatform,918
neblio,911
Merculet,872
Bancor,837
raidennetwork,747
iexec,738
aeternity,735
Cindicator,713
Nimiq,698
decentraland,684
BitEsprit,644
omise_go,630
origintrail,623
ParagonCoin,614
VelixID,600
TenX,554
cryptfunder,519
iconiqlab,513
agrello,494
AdEx,487
Graft,487
Utrumdotio,464
Dentacoin,444
koronacoin,439
cappasity,434
Wagerr,428
treon,423
VibeHub,416
getBABB,414
TheAcornCollective,413
ethereum,395
HOQU,394
koranetwork,394
CoolCousin,391
lunyr,391
DADI,384
LYMPO,384
iagon,383
thinkcoin,380
stormtoken,375
BrickBlock,366
ravelous,366
HorizonState,357
ChronoBank,351
CanYaCoin,349
HiveProject_net,349
WePowerNetwork,347
TraXion,344
SpankChain,335
INS_Ecosystem,329
tierion,329
Monetha,322
bankex,315
publicaio,315
refereum,313
JibrelNetwork,304
lamden,304
blockv,290
AppcoinsProtocol,276
CoinMetro,275
arcona,271
Spotcoin,269
suncontract,267
edgeless,259
verifyas,256
Neuromation,253
AirToken,250
WingsDAO,247
BlackMoonCrypto,245
bitdegree,243
remme,242
Playkey,236
D_Market,235
RestartEnergy,234
ZeCashOfficial,231
Caviar0x,224
PillarProject,222
GETprotocol,217
Bitquence,215
Spectre_ai,212
DiviProject,211
Flixxo,208
clearpoll,206
MorpheusNetwork,206
STOX,206
Aventus,204
Bitxoxo,203
leadcoin,202
Budbo,201
STKToken,191
SignalsNetwork,190
xchangerate,189
blockmason,188
OpenANX,188
coinpoker,186
BitGuild,182
birdchain,176
OfficialGoChain,175
InvoxFinance,172
XYONetwork,172
sp8de,171
HelloGold,163
indorse,163
PumaPay,161
RadioYo,161
CryptoKami,160
ethorse,160
windingtree,158
Airpod_Sleeping_Pod,155
FortySevenBank,155
EXSCUDO,154
solvecare,154
verasity,154
astronautcapital,153
Crowdholding,153
aXpire,152
dockio,151
HedgeToken,148
MarginlessNetwork,147
aeronaero,146
Gizer,144
HEROcoin,143
Bonpay,140
indaHash,140
Ethbits,137
ORCA_Alliance,137
profede,137
Blocksquare_io,136
goldmintio,135
savedroid_ico,135
DimensionsNetwork,130
p2psf,128
RewardsToken,128
Elementh,127
AmbitMining,124
Virtonomics,124
DatabrokerDAO,123
Viuly,122
Eventum,121
bigtoken,120
Lampix,120
DragonDRG,119
sapien,119
AuctusProject,118
CrowdMachine,118
BitRent,117
ClearCoin,117
Biotron,116
PlazaSystems,116
PayPie,115
BitDiceCasino,114
Aitheon,113
spheresocial,113
monkeycapital,112
blockchainterminal,111
dropil,109
CryptoPolice,107
youtoken,107
SmartContainers,106
tokenbox,106
Unibright,106
tokenstars,105
ViolaAI,105
diwtoken,104
ventureOn,104
neufund,103
chimaera,102
synapseai,102
nexus_social,101
TrustedHealth,101
Alaxplatform,100
FintruX,100
UNICORNGO,99
karbonapp,98
BunnyToken,97
HDAC,96
theabyssplatform,96
FCFLio,95
FluzFluzGlobal,95
FortKnoxster,94
ucash,94
blocklancer,93
MosaicNetwork,92
adshares,91
tiesnetwork,90
CelsiusNetwork,89
WAXtoken,89
goodworkico,88
networkunits,87
Bitschool,86
LiveStarsPlatform,86
OpenCollectorsNetwork,86
CGCXofficial,84
moxyone,84
R_Block,84
bitrace,83
DNNMedia,83
HeroToken,83
ConnectJob,82
Gledos,82
Zichain,82
dfstoken,80
Helbiz,80
sixnetwork,80
adbank,79
Lendingblock,76
zetochain,76
BeyondTheVoidGame,75
Leverj,75
EQUIcapital,74
ALMBank,73
valid_global,72
topiacoin,71
DigitexFutures,70
streamspace,70
doc_ai,69
Hicky,69
LOOMIA,69
SharpeCapital,68
scrinium,67
BilibitBLB,66
quantum1net,66
madnetwork,64
OrigamiNetwork,64
IPSX,63
LuckchemyTeam,63
CyberTrust,62
parsecfrontiers,62
ShpingCoin,62
EarthToken,61
GATCOIN,60
Conciergeio,59
DeedCoin,57
RefToken,57
SilentNotary,57
FriendzICO,55
KickCity,55
Rentberry,55
Bitbose,54
coinloan,54
Localcoinswap,54
apollodae,53
vctoken,52
salarium,51
blok,50
CoinSpark,50
ODEM,50
stopthefakes,50
ZeroCarbonProject,50
markspace,49
OtcritPlatform,49
Tutellus,49
ethbet,48
mineredge,48
Pavocoin,48
arbitrageCT,47
creatorai,47
SKRAPSio,47
Unilot,47
FarmaTrust,46
AtlantisBlueProject,45
NextPakk,45
AXenS,44
EHOTex,43
clinicoin,42
NitroToken,42
Sentinel_Protocol,42
traxia,42
VaultBank,42
commerceblock,41
REcoin,41
UpToken,41
Bowhead,40
eincofficial,40
PikcioChain,40
TowerBee,40
ZILLAtoken,40
VideoCoin,39
javvy,38
Renderpayment,38
aicrypto,37
Expercoin,37
Whalesburg,37
avalonplatform,36
PROPSProject,36
Quantor,36
ethino,35
InkLabsFoundation,35
pokersports,35
Skyllz,35
tvtwocom,35
Cryptocean,34
dwbtoken,34
edenchainio,34
HYCON,34
InvictusCapital,34
OfficialTIPbot,33
ProjectDistricts,33
Stoxum,33
ClearsConnect,32
Crowdwiz_io,32
DoradoICO,32
DropDeck,32
binarydotcom,31
Crypt2Pos,31
IPGold,31
ZaberCoin,31
EXMOCoin,30
jizzcoins,30
imusify,29
mgfsconsultmayuya,29
Popultrade,29
AmmbrPlatform,28
BlueWhaleFdn,28
datareum,28
Evareium,28
SaturnNetwork,28
CloudMoolah,27
GameXCommunity,27
Howdoo,27
lovetokencrypto,27
ThePonderApp,27
WikiToken,27
EntryMoney,26
sensetoken,26
TrenditStudios,26
AdSigma,25
Loyakk,25
Neurogress,25
Vuulr,25
wizzle,25
CaerusConnections,24
Gamblica,24
luckbox,24
Plaak,24
Povrproject,24
Shop_,24
AuthenticID,23
BullToken,23
Datawallet,22
MedCredits,22
spheris,22
thestayawhile,22
Centaure,21
onlivetv,21
Pally,21
BoatPilot,20
Hold_Me,20
MyOddz,20
projectaiur,20
quixxi,20
Authoreon,19
BlockRX,19
GeensNPO,19
Lendoit,18
lookrev,18
BeefCoin,17
CycloShieldCoin,17
Sandblock_io,17
SmartIFT,17
2100news,16
GenevieveVC,16
CarVDB,15
KingsDS,15
Quarteria,15
VioToken,15
getwala,14
IntellisysCapital,14
redBUX,14
tendswiss,14
TOKIA,14
ExploreCoin,13
GladAgeOfficial,13
BeaxyExchange,12
Greeneum,12
HAZZAnetwork,12
mexc,12
MonedaMND,12
truprotocol,12
BITEXGlobal,11
CryptoAngel,11
providence_casino,11
Redemption_ICO,11
Statercoin,11
Bitnam,10
openZen,10
SpartaStartups,10
A2BTaxiToken,9
codemail,9
Menuva,9
UberPro,9
axtoken,8
CHER_Ecocity,8
ExHasta,8
hdcoin,8
icebreakerar,8
LuckyToken,8
SAAVgames,8
safead,8
SmartOne,8
Triggmine,8
DRCWorld,7
esportsrewardtoken,7
ExsulCoin,7
KR8OSproject,7
Moirai_ICO,7
PreVUEBlockchain,7
HotNow,6
Libriumtoken,6
TheForgeNetwork,6
TheVivaNetwork,6
Beerchain,5
BWEX,5
cbiproject,5
CROMhub,5
GoldMineToken,5
LibertyLance,5
lustagency,5
protostarr,5
VectorCrypto,5
Adblurb,4
blockfreight,4
Pibbleio,4
Set4Earth,4
100tokens,3
Dopameme,3
gainmers,3
HopeToken,3
LakeBanker,3
massnetwork,3
PureAirIndustries,3
QuickBetCoin,3
ScamConnect,3
servusit,3
TheAgoraMarketplace,3
AtlasPlatform,2
BaobabMarket,2
Galaxis,2
metatip,2
SynapseMarket,2
teamHODL,2
xAthena,2
BlindCoin,1
CatnipFun,1
chronobase,1
deckswap,1
lambda_network,1
SmartCityICO,1