ICO,Total_Posts,Num_Comments,Total_Score
100tokens,3,1,3
2100news,16,0,26
A2BTaxiToken,9,7,55
adbank,79,195,567
Adblurb,4,0,4
AdEx,487,4188,4169
adshares,91,301,369
AdSigma,25,45,192
aeronaero,146,834,776
aeternity,735,4592,6483
agrello,494,4766,7446
aicrypto,37,5,199
Airpod_Sleeping_Pod,155,2742,3320
AirToken,250,732,1510
Aitheon,113,127,570
Alaxplatform,100,33,474
ALMBank,73,34,743
AmbitMining,124,94,1068
AmmbrPlatform,28,34,79
Antshares,949,21398,22162
apollodae,53,182,1214
AppcoinsProtocol,276,2839,5253
arbitrageCT,47,199,402
arcona,271,1181,4264
ArkEcosystem,980,12761,38411
astronautcapital,153,554,830
AtlantisBlueProject,45,137,310
AtlasPlatform,2,0,3
AuctusProject,118,96,454
AuthenticID,23,14,36
Authoreon,19,21,71
avalonplatform,36,30,131
Aventus,204,702,1423
AXenS,44,35,325
aXpire,152,697,2102
axtoken,8,1,12
Bancor,837,2508,7803
bankex,315,403,2446
BaobabMarket,2,7,3
BATProject,941,8697,28079
BeaxyExchange,12,9,72
BeefCoin,17,2,17
Beerchain,5,8,69
BeyondTheVoidGame,75,9,119
bigtoken,120,43,382
BilibitBLB,66,19,125
binarydotcom,31,27,68
Biotron,116,56,438
birdchain,176,661,477
Bitbose,54,24,185
bitdegree,243,987,1454
BitDiceCasino,114,646,484
BitEsprit,644,1135,1272
BITEXGlobal,11,3,15
BitGuild,182,3146,1710
Bitnam,10,6,10
Bitquence,215,1133,1296
bitrace,83,42,448
BitRent,117,84,464
Bitschool,86,61,555
Bitxoxo,203,644,958
BlackMoonCrypto,245,1322,2441
BlindCoin,1,0,2
blockchainterminal,111,358,377
blockfreight,4,3,6
blocklancer,93,88,388
blockmason,188,512,1424
BlockRX,19,22,76
Blocksquare_io,136,443,393
blockv,290,1325,3161
blok,50,465,978
BlueWhaleFdn,28,75,110
BoatPilot,20,54,72
Bonpay,140,162,355
Bowhead,40,94,139
BrickBlock,366,12078,3192
Budbo,201,164,693
BullToken,23,37,198
BunnyToken,97,665,464
BWEX,5,0,9
CaerusConnections,24,1,70
CanYaCoin,349,1455,2105
cappasity,434,1891,4645
CarVDB,15,6,15
CatnipFun,1,0,1
Caviar0x,224,64,440
cbiproject,5,0,7
CelsiusNetwork,89,28,269
Centaure,21,864,88
CGCXofficial,84,1413,3213
CHER_Ecocity,8,0,8
chimaera,102,243,695
ChronoBank,351,282,1738
chronobase,1,0,1
Cindicator,713,6734,6317
civicplatform,918,5245,11516
ClearCoin,117,408,511
clearpoll,206,608,1692
ClearsConnect,32,17,165
clinicoin,42,94,205
CloudMoolah,27,17,68
codemail,9,12,16
coinloan,54,40,162
CoinMetro,275,1548,2503
coinpoker,186,711,544
CoinSpark,50,28,201
commerceblock,41,32,151
Conciergeio,59,160,644
ConnectJob,82,42,515
CoolCousin,391,3055,6151
creatorai,47,53,298
CROMhub,5,0,8
Crowdholding,153,40,809
CrowdMachine,118,142,1139
Crowdwiz_io,32,12,106
Crypt2Pos,31,373,31
cryptfunder,519,228,1975
CryptoAngel,11,4,35
Cryptocean,34,27,343
CryptoKami,160,346,858
CryptoPolice,107,383,1013
CyberTrust,62,23,748
CycloShieldCoin,17,2,51
D_Market,235,880,1537
DADI,384,1965,2889
DatabrokerDAO,123,478,854
datareum,28,7,41
Datawallet,22,40,82
decentraland,684,5522,4450
deckswap,1,0,1
DeedCoin,57,63,186
Dentacoin,444,2579,2537
dfstoken,80,96,300
DigitexFutures,70,889,401
DimensionsNetwork,130,628,1099
DiviProject,211,713,1699
diwtoken,104,43,587
DNNMedia,83,25,379
doc_ai,69,38,248
dockio,151,708,1530
Dopameme,3,1,4
DoradoICO,32,16,53
DragonDRG,119,208,1509
DRCWorld,7,219,101
DropDeck,32,4,118
dropil,109,417,969
dwbtoken,34,742,975
EarthToken,61,40,492
edenchainio,34,205,320
edgeless,259,1398,1667
EHOTex,43,7,62
eincofficial,40,7,85
Elementh,127,137,927
enigmacatalyst,923,8486,21514
enjincoin,929,7994,24341
EntryMoney,26,57,101
EQUIcapital,74,14,686
esportsrewardtoken,7,9,11
ethbet,48,172,272
Ethbits,137,109,357
ethereum,395,4043,17986
ethino,35,52,184
ETHLend,977,6991,11587
ethorse,160,961,2250
Evareium,28,4,40
Eventum,121,4401,1904
ExHasta,8,0,13
EXMOCoin,30,34,33
Expercoin,37,9,135
ExploreCoin,13,2,22
EXSCUDO,154,225,549
ExsulCoin,7,1,11
FarmaTrust,46,132,269
FCFLio,95,48,1093
FintruX,100,96,1061
Flixxo,208,699,2415
FluzFluzGlobal,95,112,576
FortKnoxster,94,90,1237
FortySevenBank,155,13,206
FriendzICO,55,71,156
gainmers,3,0,3
Galaxis,2,1,3
Gamblica,24,6,24
GameXCommunity,27,29,107
GATCOIN,60,230,339
GeensNPO,19,485,105
GenevieveVC,16,0,26
getBABB,414,3035,4703
GETprotocol,217,741,3080
getwala,14,6,49
Gizer,144,165,796
GladAgeOfficial,13,15,73
Gledos,82,467,379
GoldMineToken,5,2,5
goldmintio,135,175,341
GolemProject,942,8045,20491
goodworkico,88,540,248
Graft,487,3205,2238
Greeneum,12,4,26
HAZZAnetwork,12,1,17
HDAC,96,92,748
hdcoin,8,1,14
HedgeToken,148,635,538
Helbiz,80,122,382
HelloGold,163,674,864
HEROcoin,143,450,1033
HeroToken,83,56,419
Hicky,69,2,86
HiveProject_net,349,952,3210
Hold_Me,20,6,147
HopeToken,3,0,3
HOQU,394,2495,4120
HorizonState,357,1784,5840
HotNow,6,1,16
Howdoo,27,17,153
HYCON,34,172,108
iagon,383,784,1115
icebreakerar,8,8,33
iconiqlab,513,730,2937
iexec,738,3164,12377
imusify,29,39,185
indaHash,140,545,548
indorse,163,85,907
InkLabsFoundation,35,28,94
INS_Ecosystem,329,1318,1929
IntellisysCapital,14,0,23
InvictusCapital,34,94,164
InvoxFinance,172,472,1493
IPGold,31,42,118
IPSX,63,82,882
javvy,38,15,59
JibrelNetwork,304,2056,3548
jizzcoins,30,6,32
karbonapp,98,281,1618
KickCity,55,15,305
KingsDS,15,32,22
koranetwork,394,3402,8051
koronacoin,439,3531,4793
KR8OSproject,7,0,7
LakeBanker,3,9,9
lambda_network,1,0,3
lamden,304,2521,4874
Lampix,120,236,676
leadcoin,202,2081,198
Lendingblock,76,52,341
Lendoit,18,4,68
Leverj,75,102,353
LibertyLance,5,4,17
Libriumtoken,6,1,15
LiveStarsPlatform,86,73,171
Localcoinswap,54,80,240
lookrev,18,8,39
LOOMIA,69,69,793
lovetokencrypto,27,11,35
Loyakk,25,10,76
luckbox,24,12,229
LuckchemyTeam,63,659,1075
LuckyToken,8,521,67
lunyr,391,1301,2599
lustagency,5,4,15
LYMPO,384,568,2669
madnetwork,64,9,451
MarginlessNetwork,147,347,1362
markspace,49,156,204
massnetwork,3,3,4
MedCredits,22,14,104
Menuva,9,10,29
Merculet,872,2263,7369
metatip,2,1,6
mexc,12,50,12
mgfsconsultmayuya,29,0,29
mineredge,48,7,71
Moirai_ICO,7,23,45
MonedaMND,12,19,100
Monetha,322,1072,2532
monkeycapital,112,249,172
MorpheusNetwork,206,1508,6335
MosaicNetwork,92,223,711
moxyone,84,35,268
MyOddz,20,6,96
neblio,911,8881,13446
networkunits,87,2,123
neufund,103,130,406
Neurogress,25,58,111
Neuromation,253,670,1394
NextPakk,45,1,93
nexus_social,101,170,253
Nimiq,698,4723,5221
NitroToken,42,33,108
ODEM,50,35,233
OfficialGoChain,175,117,1794
OfficialTIPbot,33,23,305
omise_go,630,32596,38188
onlivetv,21,4,395
OpenANX,188,414,911
OpenCollectorsNetwork,86,700,531
openZen,10,0,11
ORCA_Alliance,137,162,1152
OrigamiNetwork,64,51,314
origintrail,623,5819,18522
OtcritPlatform,49,77,390
p2psf,128,107,966
Pally,21,25,34
ParagonCoin,614,4368,2551
parsecfrontiers,62,81,328
Pavocoin,48,169,98
PayPie,115,235,590
Pibbleio,4,5,10
PikcioChain,40,54,168
PillarProject,222,789,1017
Plaak,24,8,60
Playkey,236,341,886
PlazaSystems,116,123,1141
pokersports,35,76,92
Popultrade,29,2,67
Povrproject,24,4,22
PreVUEBlockchain,7,6,13
profede,137,1330,906
projectaiur,20,7,149
ProjectDistricts,33,57,99
PROPSProject,36,12,108
protostarr,5,0,9
providence_casino,11,0,25
publicaio,315,697,4303
PumaPay,161,737,1025
PureAirIndustries,3,1,3
Quantor,36,7,61
quantum1net,66,169,340
Quarteria,15,8,43
QuickBetCoin,3,9,6
quixxi,20,38,184
R_Block,84,32,398
RadioYo,161,7,170
raidennetwork,747,6004,11273
ravelous,366,327,677
RebelliousCoin,976,316,1224
REcoin,41,525,316
redBUX,14,62,67
Redemption_ICO,11,8,11
RedPulseToken,951,9506,12534
refereum,313,2056,2292
RefToken,57,204,177
remme,242,781,1721
Renderpayment,38,119,53
Rentberry,55,1007,442
RequestNetwork,986,21509,65009
RestartEnergy,234,884,19973
RewardsToken,128,1153,2748
SAAVgames,8,0,8
safead,8,18,11
salarium,51,57,224
Sandblock_io,17,31,119
sapien,119,64,486
SaturnNetwork,28,6,70
savedroid_ico,135,320,644
ScamConnect,3,0,3
scrinium,67,21,93
sensetoken,26,19,89
Sentinel_Protocol,42,78,600
servusit,3,0,8
Set4Earth,4,8,21
SharpeCapital,68,22,767
Shop_,24,8,241
ShpingCoin,62,48,196
SignalsNetwork,190,2234,1693
SilentNotary,57,47,188
sixnetwork,80,465,99
SKRAPSio,47,154,159
Skyllz,35,1,357
SmartCityICO,1,0,1
SmartContainers,106,175,1456
SmartIFT,17,30,60
SmartOne,8,0,11
solvecare,154,344,327
sp8de,171,1113,556
SpankChain,335,1705,4259
SpartaStartups,10,34,213
Spectre_ai,212,508,1141
spheresocial,113,243,468
spheris,22,4,59
Spotcoin,269,1907,12221
Statercoin,11,1,30
STKToken,191,738,1295
stopthefakes,50,56,901
storj,923,7262,6131
stormtoken,375,2033,2011
STOX,206,675,2624
Stoxum,33,244,369
streamspace,70,59,295
suncontract,267,1166,3646
synapseai,102,528,1820
SynapseMarket,2,1,6
teamHODL,2,0,5
tendswiss,14,1,36
TenX,554,9600,9015
theabyssplatform,96,29,179
TheAcornCollective,413,518,2232
TheAgoraMarketplace,3,11,5
TheForgeNetwork,6,10,14
ThePonderApp,27,8,89
thestayawhile,22,25,134
TheVivaNetwork,6,7,23
thinkcoin,380,9077,8942
tierion,329,1716,1994
tiesnetwork,90,186,326
tokenbox,106,20,116
tokenstars,105,95,622
TOKIA,14,50,58
topiacoin,71,6,209
TowerBee,40,24,420
traxia,42,57,180
TraXion,344,1213,1048
TrenditStudios,26,162,151
treon,423,4790,8284
Triggmine,8,3,11
truprotocol,12,10,42
TrustedHealth,101,1113,128
Tutellus,49,22,142
tvtwocom,35,331,256
UberPro,9,1,17
ucash,94,814,791
Unibright,106,132,506
UNICORNGO,99,207,133
Unilot,47,146,116
UpToken,41,137,128
Utrumdotio,464,5340,5513
valid_global,72,63,411
VaultBank,42,325,46
vctoken,52,152,234
VectorCrypto,5,32,30
VelixID,600,5957,7597
ventureOn,104,7,171
verasity,154,617,762
verifyas,256,1977,4672
VibeHub,416,3313,2993
VideoCoin,39,43,154
ViolaAI,105,17,174
VioToken,15,12,32
Virtonomics,124,93,180
Viuly,122,282,395
Vuulr,25,3,42
Wagerr,428,2841,2946
WAXtoken,89,501,661
WePowerNetwork,347,1067,3259
Whalesburg,37,40,273
WikiToken,27,149,121
windingtree,158,673,932
WingsDAO,247,548,950
wizzle,25,15,82
xAthena,2,4,5
xchangerate,189,4156,3073
XYONetwork,172,1378,1329
youtoken,107,822,692
ZaberCoin,31,17,144
ZeCashOfficial,231,4195,4575
ZeroCarbonProject,50,9,431
zetochain,76,301,733
Zichain,82,50,221
ZILLAtoken,40,41,269
